Order_ID,Distance_km,Weather,Traffic_Level,Time_of_Day,Vehicle_Type,Preparation_Time_min,Courier_Experience_yrs,Delivery_Time_min
522.0,7.93,Windy,Low,Afternoon,Scooter,12,1.0,43
738.0,16.42,Clear,Medium,Evening,Bike,20,2.0,84
741.0,9.52,Foggy,Low,Night,Scooter,28,1.0,59
661.0,7.44,Rainy,Medium,Afternoon,Scooter,5,1.0,37
412.0,19.03,Clear,Low,Morning,Bike,16,5.0,68
679.0,19.4,Clear,Low,Evening,Scooter,8,9.0,57
627.0,9.52,Clear,Low,,Bike,12,1.0,49
514.0,17.39,Clear,Medium,Evening,Scooter,5,6.0,46
860.0,1.78,Snowy,Low,Evening,Car,20,6.0,35
137.0,10.62,Foggy,Low,Evening,Scooter,29,1.0,73
812.0,16.86,Snowy,Medium,Afternoon,Car,13,4.0,88
77.0,15.54,Clear,Low,Night,Bike,29,1.0,76
637.0,10.89,Clear,High,Night,Bike,12,5.0,53
974.0,4.69,Rainy,Medium,Evening,Scooter,12,7.0,36
939.0,2.8,Clear,High,Morning,Scooter,10,,33
900.0,2.17,Snowy,Low,Evening,Car,15,3.0,35
281.0,17.86,Rainy,Low,Afternoon,Bike,5,1.0,50
884.0,2.53,Snowy,Low,Morning,Bike,6,8.0,24
762.0,6.58,Foggy,Low,Evening,Car,6,7.0,27
320.0,5.38,Clear,Medium,Evening,Scooter,26,1.0,47
550.0,15.56,Rainy,Low,Afternoon,Scooter,28,0.0,72
175.0,13.08,Rainy,Low,Morning,Car,16,4.0,58
372.0,0.86,Clear,High,Afternoon,Bike,26,5.0,37
528.0,5.83,Clear,High,Evening,Car,27,9.0,56
211.0,11.2,Clear,Medium,Morning,Bike,23,,73
236.0,14.59,Clear,Medium,Morning,Bike,15,6.0,64
102.0,12.91,Windy,Medium,Evening,Bike,11,6.0,56
987.0,13.92,Snowy,Low,Morning,Scooter,18,4.0,70
903.0,4.04,Snowy,Low,Night,Bike,11,9.0,70
948.0,18.05,Clear,Medium,Evening,Scooter,10,7.0,123
347.0,12.88,Clear,Medium,Morning,Scooter,8,5.0,52
140.0,19.45,Rainy,High,Morning,Scooter,20,6.0,108
622.0,4.58,Clear,High,Morning,Scooter,22,9.0,45
500.0,19.73,Foggy,Medium,Evening,Bike,27,4.0,111
371.0,2.47,Windy,Medium,Morning,Bike,27,2.0,44
199.0,17.8,Snowy,Medium,Morning,Bike,16,9.0,73
688.0,5.96,Clear,Medium,Afternoon,Bike,22,7.0,45
585.0,12.85,Windy,Medium,Afternoon,Scooter,18,7.0,61
902.0,1.02,Clear,Medium,Afternoon,Bike,25,4.0,34
60.0,6.84,Rainy,Medium,Night,Car,14,8.0,47
329.0,8.68,Rainy,Medium,Morning,Bike,8,5.0,52
97.0,10.69,Clear,Medium,Night,Bike,25,9.0,67
313.0,0.99,,Medium,Evening,Bike,15,,32
975.0,1.11,Clear,Low,Morning,Bike,5,6.0,8
300.0,2.16,Snowy,Low,Evening,Scooter,15,0.0,36
278.0,13.17,Windy,Medium,Afternoon,Bike,16,4.0,67
925.0,8.79,Snowy,Low,Night,Bike,14,6.0,43
602.0,5.93,Clear,Low,Afternoon,Scooter,19,3.0,36
440.0,2.09,Rainy,Low,Night,Bike,23,2.0,36
838.0,7.57,Clear,Low,Morning,Bike,21,0.0,56
571.0,10.52,Rainy,Medium,Afternoon,Scooter,8,4.0,56
880.0,4.83,Rainy,Low,Morning,Car,25,9.0,47
262.0,19.81,Snowy,Medium,Afternoon,Car,20,5.0,104
579.0,10.1,Rainy,Low,Evening,Car,8,4.0,50
24.0,7.64,Windy,Low,Afternoon,Car,10,8.0,31
31.0,12.35,Clear,Low,Morning,Scooter,10,6.0,35
618.0,5.9,Rainy,Low,Evening,Car,26,9.0,44
11.0,0.9,Clear,Low,Afternoon,Bike,20,8.0,23
222.0,11.58,Clear,Medium,Morning,Scooter,16,2.0,61
821.0,16.16,Clear,High,Afternoon,Bike,11,1.0,82
297.0,15.51,Clear,Low,Evening,Bike,17,9.0,69
55.0,12.16,Windy,High,Evening,Scooter,11,0.0,69
543.0,4.96,Rainy,High,Morning,Bike,21,0.0,60
210.0,3.64,Windy,High,Evening,Bike,17,6.0,40
605.0,2.85,Clear,Low,Morning,Scooter,26,0.0,38
693.0,10.4,Clear,Low,Evening,Bike,16,4.0,52
663.0,12.31,Windy,Low,Morning,Bike,29,4.0,68
867.0,3.53,Clear,Medium,Afternoon,Bike,13,7.0,31
71.0,15.56,Clear,Medium,Evening,Bike,14,3.0,54
544.0,13.6,Clear,Medium,Afternoon,Bike,27,0.0,87
108.0,15.23,Snowy,High,Morning,Bike,5,0.0,62
494.0,4.17,,Low,Evening,Scooter,5,1.0,22
591.0,3.21,Rainy,High,Night,Scooter,16,0.0,42
742.0,6.38,Snowy,Low,Evening,Bike,16,1.0,111
293.0,16.54,Rainy,Low,Afternoon,Scooter,6,7.0,51
290.0,12.02,Clear,Low,Morning,Car,9,7.0,41
653.0,11.94,Clear,Low,Evening,Bike,20,3.0,69
40.0,9.08,Clear,Low,Afternoon,Scooter,14,5.0,49
590.0,3.46,Snowy,Medium,Morning,Scooter,23,3.0,48
308.0,6.8,Foggy,Medium,Morning,Scooter,13,7.0,46
680.0,17.38,Rainy,Medium,Afternoon,Scooter,11,2.0,92
67.0,3.25,Clear,Low,Morning,Bike,23,7.0,32
276.0,10.28,Clear,Medium,Evening,Scooter,29,3.0,71
68.0,16.14,Clear,Low,Night,Car,6,9.0,65
319.0,3.55,Clear,Medium,Evening,Bike,23,0.0,43
549.0,10.65,Clear,,Afternoon,Scooter,23,8.0,58
999.0,19.03,Clear,Low,Afternoon,Car,26,5.0,68
715.0,7.3,Clear,Low,Night,Scooter,14,7.0,28
754.0,7.03,Clear,Low,Evening,Scooter,21,1.0,44
328.0,12.43,Snowy,Low,Afternoon,Car,12,0.0,70
383.0,12.76,Windy,High,Morning,Scooter,27,,74
452.0,11.39,Rainy,High,Evening,Scooter,14,1.0,72
523.0,19.41,Clear,Low,Morning,Car,7,3.0,48
219.0,13.17,Rainy,High,Evening,Scooter,17,8.0,69
788.0,8.32,Rainy,Low,Afternoon,Car,12,2.0,49
437.0,1.92,Clear,Low,,Bike,8,7.0,14
765.0,1.15,Clear,Low,Afternoon,Scooter,26,4.0,30
89.0,17.8,Windy,High,Afternoon,Car,12,9.0,73
64.0,7.46,Clear,Medium,Evening,Bike,8,5.0,42
827.0,7.25,Clear,Medium,Afternoon,Scooter,18,4.0,45
717.0,16.7,Clear,Medium,Afternoon,Scooter,28,1.0,76
352.0,17.2,Rainy,High,Afternoon,Scooter,14,2.0,94
937.0,0.86,Clear,Medium,Afternoon,Car,21,7.0,28
257.0,18.76,Clear,Medium,Evening,Car,15,2.0,80
636.0,9.22,Clear,Medium,Afternoon,Car,18,9.0,57
645.0,2.84,Clear,Low,Evening,Scooter,24,2.0,35
555.0,17.59,Clear,Low,Morning,Bike,24,6.0,69
960.0,14.89,Snowy,High,Morning,Scooter,17,6.0,87
169.0,1.3,Clear,Medium,Evening,Bike,22,4.0,31
918.0,18.99,Rainy,High,Afternoon,Bike,10,6.0,70
529.0,1.6,Foggy,Low,Night,Scooter,24,,37
824.0,8.26,Snowy,Low,Afternoon,Bike,15,1.0,57
986.0,10.16,Clear,High,Night,Bike,12,5.0,52
817.0,12.03,Clear,Medium,,Car,20,5.0,65
87.0,14.73,Rainy,Low,Afternoon,Bike,24,6.0,74
433.0,12.56,Clear,High,Evening,Bike,17,5.0,69
185.0,5.53,Clear,Medium,Afternoon,Bike,19,1.0,44
979.0,10.18,Foggy,Medium,Morning,Bike,25,3.0,73
535.0,15.5,Clear,Medium,Morning,Scooter,28,9.0,91
295.0,2.98,Foggy,,Night,Bike,11,2.0,27
893.0,16.69,Foggy,Medium,Evening,Scooter,8,2.0,65
426.0,11.22,Windy,High,Evening,Bike,25,5.0,79
714.0,8.53,Clear,Low,Evening,Scooter,8,2.0,41
261.0,12.49,Clear,Medium,Morning,Bike,25,4.0,77
238.0,0.97,Clear,Low,Night,Scooter,24,8.0,26
560.0,12.6,Windy,Medium,Afternoon,Car,8,6.0,58
584.0,6.91,Clear,Medium,Evening,Scooter,28,9.0,56
446.0,18.97,Clear,Low,Evening,Car,25,4.0,141
868.0,4.05,Clear,Medium,Evening,Bike,20,,44
801.0,14.29,Windy,Medium,Morning,Bike,14,7.0,78
600.0,1.3,Foggy,Low,Evening,Bike,19,5.0,29
850.0,12.11,Rainy,Low,Morning,Bike,9,5.0,59
266.0,14.94,Clear,Medium,Morning,Bike,11,0.0,62
996.0,2.29,Rainy,High,Afternoon,Car,8,8.0,80
530.0,17.36,Rainy,High,Afternoon,Bike,24,1.0,105
56.0,18.48,Clear,Medium,Night,Bike,8,0.0,82
121.0,16.25,Foggy,High,Morning,Bike,10,5.0,91
216.0,5.13,Clear,Low,Morning,Car,15,4.0,30
26.0,15.81,Clear,Low,,Car,25,1.0,92
73.0,0.61,Clear,Low,Afternoon,Scooter,10,0.0,16
45.0,5.55,Foggy,High,Evening,Bike,18,1.0,116
248.0,19.35,Clear,High,,Bike,12,7.0,75
722.0,4.03,Clear,Medium,Evening,Bike,9,5.0,25
282.0,7.09,Snowy,Low,Morning,Scooter,13,8.0,37
894.0,8.25,Clear,Medium,Afternoon,Bike,7,9.0,28
915.0,11.26,Clear,Low,Night,Bike,5,6.0,49
811.0,19.7,Rainy,Low,Evening,Bike,10,2.0,60
245.0,0.8,Snowy,High,Evening,Bike,14,9.0,36
823.0,7.0,Rainy,Medium,Evening,Bike,17,9.0,49
322.0,14.43,Clear,Medium,Morning,Car,14,4.0,113
644.0,6.89,Rainy,Medium,Afternoon,Bike,11,6.0,43
159.0,5.13,Foggy,Medium,Evening,Car,25,1.0,60
978.0,1.5,Clear,Low,Afternoon,Bike,10,1.0,17
430.0,2.78,,High,Afternoon,Scooter,9,0.0,41
942.0,11.31,Clear,Medium,Evening,Bike,7,0.0,54
463.0,15.05,Clear,Medium,Evening,Car,12,2.0,66
310.0,5.78,Foggy,Low,Afternoon,Scooter,9,9.0,33
698.0,11.83,Clear,Low,Evening,Scooter,9,7.0,32
61.0,8.08,Foggy,Low,Morning,Bike,25,2.0,61
885.0,16.1,Clear,Low,Evening,Bike,25,0.0,64
596.0,9.74,Rainy,Medium,Evening,Scooter,7,8.0,37
768.0,17.6,Clear,Low,Afternoon,Bike,27,3.0,69
650.0,10.22,Snowy,Medium,Night,Bike,18,1.0,68
651.0,2.19,Clear,Low,Evening,Bike,26,3.0,32
866.0,11.41,Windy,Medium,Afternoon,Scooter,17,4.0,68
669.0,4.14,Clear,Medium,Morning,Scooter,14,2.0,30
299.0,12.65,Rainy,Low,Afternoon,Bike,18,8.0,60
690.0,4.15,,Medium,Morning,Car,17,8.0,46
315.0,16.8,,High,Morning,Car,19,4.0,85
311.0,9.06,Clear,Medium,Evening,Bike,23,4.0,47
362.0,13.04,Clear,Medium,Morning,Scooter,20,6.0,65
480.0,10.7,Clear,Medium,Afternoon,Scooter,8,5.0,44
111.0,6.15,Foggy,Low,Evening,Scooter,26,5.0,48
990.0,16.47,Snowy,High,Evening,Scooter,20,9.0,75
487.0,1.39,Clear,Medium,Afternoon,Bike,15,4.0,24
364.0,11.14,Rainy,Medium,Morning,Scooter,7,3.0,47
255.0,3.81,Rainy,High,Afternoon,Bike,5,6.0,31
260.0,2.39,Rainy,Medium,Evening,Bike,27,7.0,43
803.0,11.74,Clear,High,Evening,Car,6,3.0,54
678.0,8.26,Clear,Low,,Car,21,4.0,80
495.0,9.54,Rainy,Medium,Evening,Scooter,11,5.0,47
671.0,3.88,Clear,Medium,Morning,Bike,16,2.0,35
378.0,0.95,Rainy,Medium,Morning,Car,27,0.0,44
527.0,8.59,Clear,Low,Night,Scooter,17,8.0,36
846.0,8.59,Clear,Low,Evening,Bike,22,2.0,43
138.0,14.21,Clear,Medium,Evening,Bike,24,,58
356.0,13.03,Foggy,Low,Morning,Scooter,9,1.0,50
366.0,8.03,Clear,Low,Evening,Scooter,14,8.0,42
943.0,13.2,Snowy,Low,Morning,Car,14,3.0,62
750.0,12.67,Clear,Medium,Evening,Car,10,3.0,65
949.0,17.54,Clear,,Morning,Car,16,8.0,54
830.0,9.32,Clear,Low,Morning,Scooter,6,5.0,30
657.0,6.03,Rainy,High,Afternoon,Car,8,6.0,46
200.0,15.71,Clear,Low,Afternoon,Scooter,28,5.0,69
214.0,4.87,Snowy,High,Evening,Bike,16,7.0,54
409.0,18.15,Rainy,High,Morning,Bike,22,7.0,108
333.0,0.78,Clear,Medium,Morning,Bike,6,1.0,17
209.0,0.6,Clear,Low,Afternoon,Bike,26,3.0,30
614.0,2.09,Clear,Medium,Evening,Bike,5,5.0,16
79.0,7.49,Clear,,Morning,Scooter,13,9.0,45
30.0,1.41,Foggy,Medium,Evening,Bike,15,0.0,72
536.0,18.92,Clear,High,Morning,Scooter,27,4.0,100
696.0,12.41,Clear,Medium,Morning,Car,10,1.0,51
558.0,1.06,,Low,Afternoon,Scooter,19,6.0,21
837.0,18.34,Clear,High,Night,Bike,9,4.0,92
597.0,13.52,Clear,Low,Morning,Scooter,27,1.0,82
166.0,16.79,Foggy,High,Afternoon,Bike,24,6.0,85
919.0,15.39,Clear,Medium,Evening,Scooter,24,5.0,89
496.0,7.39,Rainy,Medium,Morning,Scooter,25,6.0,60
825.0,10.98,Rainy,Low,Morning,Scooter,10,6.0,55
66.0,11.08,Snowy,Medium,Morning,Bike,9,0.0,57
142.0,5.41,Clear,Medium,Night,Bike,14,5.0,36
926.0,0.94,Clear,High,Morning,Bike,9,6.0,21
828.0,7.27,Windy,Low,Afternoon,Bike,10,5.0,35
656.0,2.99,Windy,Medium,Morning,Bike,27,5.0,41
332.0,15.28,Snowy,Low,Evening,Bike,16,5.0,72
665.0,2.48,Windy,Medium,Afternoon,Car,14,6.0,27
250.0,17.13,Rainy,Low,Evening,Car,19,1.0,71
908.0,7.17,Clear,Low,Afternoon,Bike,15,7.0,32
709.0,5.47,Rainy,Low,Morning,Car,21,6.0,38
306.0,19.53,Foggy,Low,Afternoon,Bike,11,6.0,87
735.0,7.5,Clear,High,Morning,Bike,29,1.0,66
976.0,5.61,Windy,Low,Night,Bike,25,9.0,48
50.0,4.1,Clear,Low,Morning,Bike,21,3.0,37
897.0,6.22,Rainy,Medium,Morning,Bike,15,0.0,49
3.0,14.77,,High,Morning,Scooter,11,6.0,67
545.0,12.55,Windy,Low,Evening,Bike,13,8.0,51
351.0,10.31,Foggy,Medium,Morning,Scooter,19,5.0,62
905.0,8.72,Snowy,Medium,Evening,Car,18,7.0,64
537.0,17.07,Clear,Medium,Morning,Bike,20,6.0,73
345.0,8.27,,High,Afternoon,Scooter,13,5.0,58
995.0,7.54,Snowy,Low,Afternoon,Bike,20,,55
482.0,14.07,Clear,High,Afternoon,Bike,5,8.0,67
576.0,19.02,Clear,Medium,Afternoon,Bike,29,9.0,87
34.0,19.0,Clear,High,Morning,Car,28,3.0,96
32.0,3.83,Rainy,Medium,Afternoon,Bike,12,9.0,30
232.0,10.3,Clear,Low,Evening,Scooter,19,8.0,48
964.0,8.09,Clear,High,Afternoon,Scooter,15,4.0,51
193.0,18.06,Clear,Medium,Night,Bike,9,8.0,52
334.0,2.76,Windy,Medium,Morning,Scooter,8,5.0,22
4.0,12.17,Snowy,Low,Evening,Bike,20,8.0,68
205.0,12.33,Clear,Medium,Evening,Bike,22,9.0,75
515.0,1.38,Clear,Medium,Evening,Scooter,5,8.0,13
800.0,18.49,Clear,Low,Afternoon,Scooter,14,6.0,71
307.0,10.57,Snowy,Low,Afternoon,Bike,28,9.0,59
110.0,2.0,Clear,High,Evening,Scooter,10,2.0,30
431.0,3.29,Clear,Medium,Afternoon,Scooter,17,4.0,32
78.0,1.94,Rainy,Medium,Morning,Bike,16,0.0,35
85.0,6.56,Windy,Medium,,Bike,14,1.0,47
287.0,9.58,Clear,High,Afternoon,Car,26,8.0,60
83.0,6.95,Clear,Medium,Morning,Scooter,25,2.0,58
992.0,14.05,Clear,High,Morning,Scooter,19,0.0,72
790.0,18.97,Rainy,High,Night,Bike,20,8.0,108
895.0,13.53,Rainy,Low,Evening,Bike,28,8.0,78
399.0,15.14,Rainy,Medium,Morning,Bike,8,6.0,66
324.0,5.96,Clear,Low,Afternoon,Bike,26,6.0,48
520.0,3.43,Windy,Medium,Morning,Bike,7,6.0,23
917.0,6.24,,Medium,Evening,Bike,15,3.0,52
923.0,17.94,Rainy,High,Evening,Scooter,22,6.0,85
6.0,3.54,Rainy,Medium,Evening,Bike,10,5.0,32
732.0,16.38,Rainy,Medium,Night,Bike,7,,90
466.0,7.81,Clear,Low,Evening,Bike,11,4.0,42
98.0,8.84,Clear,,Morning,Bike,26,0.0,57
267.0,14.09,Clear,Medium,Afternoon,Scooter,12,3.0,55
358.0,11.92,Clear,Low,Afternoon,Scooter,14,4.0,46
869.0,17.3,Clear,Low,Evening,Scooter,9,0.0,67
799.0,14.08,Clear,High,Morning,Bike,28,6.0,66
381.0,2.8,Clear,High,Afternoon,Bike,28,1.0,50
632.0,17.96,Clear,Medium,,Bike,22,2.0,76
382.0,14.09,Clear,High,Afternoon,Bike,12,6.0,67
491.0,9.39,Clear,Low,Morning,Bike,14,2.0,37
119.0,17.9,Clear,Low,Morning,Bike,23,,85
901.0,4.55,Rainy,Low,Afternoon,Bike,5,6.0,21
251.0,6.24,Snowy,Low,Afternoon,Bike,20,4.0,51
524.0,16.92,Clear,Low,Morning,Scooter,29,0.0,70
10.0,14.31,Clear,Medium,Morning,Bike,9,8.0,47
197.0,14.66,Windy,Medium,,Bike,20,2.0,77
604.0,2.23,Clear,Low,Morning,Bike,7,6.0,14
82.0,12.65,Clear,Low,Evening,Bike,15,4.0,66
784.0,7.24,Rainy,Medium,Evening,Bike,28,6.0,65
588.0,3.01,Clear,Medium,Evening,Bike,14,4.0,26
798.0,11.52,,Medium,Morning,Scooter,25,2.0,58
240.0,3.95,Clear,Low,Afternoon,Bike,13,5.0,25
291.0,1.09,Clear,Medium,Morning,Scooter,6,2.0,17
212.0,13.99,Clear,High,Evening,Scooter,7,3.0,96
718.0,19.32,Rainy,High,Morning,Car,21,7.0,112
360.0,11.72,Rainy,Low,Evening,Bike,11,9.0,42
450.0,2.13,Rainy,Low,Morning,Scooter,9,2.0,22
228.0,8.17,Clear,Medium,Afternoon,Scooter,20,9.0,44
951.0,12.21,Clear,High,Morning,Bike,9,4.0,57
947.0,3.17,Clear,Medium,Evening,Scooter,17,6.0,33
797.0,18.68,Snowy,Low,Afternoon,Bike,11,8.0,62
502.0,10.95,Clear,Medium,Evening,Scooter,24,4.0,55
465.0,19.26,Windy,Medium,Morning,Scooter,21,6.0,67
363.0,9.44,Rainy,,Evening,Scooter,28,8.0,63
469.0,4.86,Foggy,Medium,Evening,Car,25,4.0,52
936.0,5.81,Foggy,Low,Afternoon,Bike,25,8.0,51
429.0,7.34,Rainy,Low,Evening,Bike,22,8.0,47
8.0,17.39,Foggy,Medium,Morning,Bike,25,4.0,100
156.0,5.22,Snowy,Low,Evening,Bike,11,9.0,40
542.0,12.32,Clear,Medium,Evening,Scooter,17,4.0,71
441.0,2.15,Windy,Medium,Afternoon,Car,17,6.0,30
483.0,9.36,Rainy,High,Morning,Scooter,17,2.0,65
423.0,2.28,Clear,Medium,Evening,Scooter,27,9.0,39
779.0,14.54,Clear,Medium,Evening,Bike,29,2.0,73
950.0,12.15,Clear,High,Morning,Car,12,6.0,63
335.0,1.4,Windy,Low,Evening,Bike,9,9.0,17
577.0,3.37,Clear,High,Morning,Bike,9,,28
935.0,3.85,Rainy,Medium,Afternoon,Bike,26,3.0,46
568.0,9.03,Clear,Low,,Bike,11,5.0,43
595.0,17.99,Snowy,Low,Afternoon,Bike,15,3.0,63
531.0,16.35,Clear,Medium,Morning,Bike,16,0.0,66
582.0,19.61,Clear,High,Evening,Bike,8,6.0,72
708.0,16.29,Clear,Low,Morning,Bike,20,1.0,72
449.0,7.84,Windy,Low,Afternoon,Bike,6,4.0,28
454.0,18.17,Rainy,Low,Afternoon,Car,13,0.0,71
229.0,17.89,Windy,Low,,Bike,27,1.0,101
353.0,13.34,Clear,Medium,Night,Bike,20,6.0,53
729.0,4.43,Foggy,Low,Morning,Scooter,10,1.0,63
213.0,13.21,Clear,,Morning,Scooter,12,4.0,63
80.0,2.76,Windy,Medium,Night,Bike,6,2.0,27
149.0,1.5,Foggy,Medium,Evening,Scooter,15,4.0,32
303.0,11.04,Clear,Medium,Afternoon,Scooter,8,2.0,54
629.0,1.22,Clear,Medium,Evening,Scooter,6,,14
778.0,14.58,Clear,Low,Afternoon,Bike,13,,57
507.0,18.26,Rainy,High,Night,Scooter,28,7.0,93
343.0,3.88,Foggy,Low,Evening,Car,27,9.0,42
486.0,18.07,Clear,High,Afternoon,Scooter,5,2.0,67
712.0,12.11,Clear,Medium,Evening,Bike,28,0.0,75
134.0,7.08,Clear,Medium,Afternoon,Scooter,5,8.0,27
704.0,3.12,Rainy,Low,Evening,Scooter,14,5.0,28
312.0,2.03,Foggy,High,Evening,Car,14,4.0,36
723.0,1.8,Clear,,Night,Bike,14,1.0,28
630.0,5.42,Clear,Low,Evening,Scooter,11,9.0,26
1.0,7.8,Clear,Low,Evening,Scooter,23,5.0,52
317.0,8.47,Rainy,Low,Afternoon,Scooter,19,0.0,48
707.0,6.79,Rainy,Low,Evening,Scooter,16,1.0,39
548.0,13.6,Rainy,Medium,Afternoon,Scooter,23,6.0,83
873.0,13.06,Rainy,High,Morning,Bike,17,8.0,59
533.0,19.93,Snowy,Low,Afternoon,Bike,6,6.0,59
478.0,11.3,Snowy,Medium,Afternoon,Bike,15,8.0,70
405.0,6.74,Rainy,Medium,Evening,Car,21,9.0,47
173.0,10.49,Rainy,Low,Morning,Bike,28,9.0,66
126.0,8.83,,Medium,Evening,Scooter,12,3.0,109
395.0,7.15,Clear,High,Night,Car,29,7.0,60
421.0,15.94,Clear,Low,Evening,Bike,24,2.0,77
553.0,11.26,Foggy,High,Afternoon,Bike,14,2.0,70
904.0,11.87,Clear,Medium,Morning,Bike,10,6.0,43
91.0,2.83,Windy,Medium,Afternoon,Scooter,14,6.0,28
940.0,11.74,Clear,Low,Afternoon,Car,20,1.0,52
182.0,2.71,Clear,Low,Morning,Scooter,6,1.0,20
275.0,10.47,Clear,High,Evening,Scooter,14,7.0,55
896.0,4.5,Snowy,High,Evening,Bike,24,0.0,66
70.0,19.74,,Low,,Car,21,7.0,71
292.0,1.23,Clear,Low,Evening,Bike,18,6.0,21
132.0,4.83,Clear,Low,Evening,Bike,11,1.0,29
301.0,1.51,Clear,High,Afternoon,Bike,14,2.0,32
425.0,1.62,Windy,Low,Evening,Bike,9,8.0,16
327.0,11.31,Clear,High,Evening,Bike,20,0.0,67
145.0,6.05,Clear,Medium,Morning,Car,24,0.0,48
424.0,10.14,Clear,Medium,Morning,Scooter,20,1.0,59
581.0,9.45,Clear,Low,Afternoon,Car,13,0.0,49
136.0,6.8,Clear,High,Evening,Bike,28,5.0,55
451.0,15.65,Clear,Low,Afternoon,Bike,27,0.0,76
165.0,2.26,Clear,Medium,Morning,Scooter,6,3.0,19
29.0,12.05,Clear,Low,Evening,Scooter,29,4.0,61
774.0,8.25,Windy,Medium,Evening,Car,24,4.0,62
194.0,12.85,Rainy,Medium,Afternoon,Scooter,23,0.0,80
389.0,15.14,Windy,Medium,Morning,Bike,15,4.0,71
853.0,4.59,Foggy,Low,Evening,Scooter,19,8.0,36
170.0,12.02,Clear,Low,Afternoon,Bike,26,0.0,63
706.0,19.8,Clear,High,Evening,Bike,7,3.0,88
141.0,19.27,Foggy,High,Afternoon,Bike,14,6.0,92
174.0,4.92,Clear,High,Morning,Scooter,12,0.0,41
7.0,1.63,Rainy,Medium,Night,Bike,24,5.0,38
746.0,18.04,Clear,Medium,Morning,Bike,8,5.0,71
479.0,19.4,Snowy,,Afternoon,Scooter,23,9.0,92
74.0,16.4,Clear,High,Morning,Scooter,12,2.0,70
911.0,12.01,Clear,Low,Morning,Car,5,7.0,42
814.0,18.46,Clear,,,Scooter,29,1.0,153
239.0,13.09,Windy,Low,,Scooter,17,1.0,69
146.0,1.22,Foggy,High,Afternoon,Scooter,14,2.0,38
793.0,10.36,Rainy,Medium,Afternoon,Bike,7,8.0,39
235.0,4.31,Rainy,Medium,Afternoon,Bike,9,2.0,35
221.0,13.32,Windy,Medium,Afternoon,Bike,26,0.0,71
924.0,16.1,Clear,Low,Morning,Car,16,6.0,61
501.0,14.11,Rainy,High,Morning,Scooter,24,3.0,93
133.0,2.84,Clear,Medium,Night,Scooter,28,1.0,44
991.0,16.09,Snowy,Low,Morning,Car,13,6.0,69
775.0,16.05,Snowy,Medium,Evening,Bike,11,2.0,89
186.0,13.37,Windy,High,Afternoon,Scooter,17,8.0,63
42.0,10.16,Snowy,Medium,Night,Bike,10,1.0,67
697.0,6.13,Clear,Medium,Night,Scooter,22,0.0,48
109.0,4.96,Rainy,Low,Afternoon,Car,10,7.0,28
589.0,3.0,Clear,Low,Morning,Scooter,29,1.0,43
57.0,2.23,Snowy,Medium,Evening,Car,14,0.0,41
406.0,17.96,Clear,,Evening,Scooter,26,0.0,74
443.0,7.8,Rainy,Medium,Morning,Bike,11,7.0,49
758.0,10.9,Clear,High,Afternoon,Scooter,6,8.0,47
998.0,3.17,Clear,Low,Afternoon,Bike,17,1.0,28
25.0,9.39,Windy,Medium,Morning,Scooter,21,9.0,50
468.0,17.44,Clear,Low,Evening,Bike,25,9.0,89
540.0,3.02,Rainy,Medium,Morning,Bike,23,1.0,46
532.0,19.99,Rainy,High,Evening,Bike,17,1.0,112
619.0,16.22,Rainy,High,Evening,Bike,22,0.0,102
695.0,2.74,Clear,High,Afternoon,Bike,18,9.0,37
927.0,5.74,Rainy,High,Evening,Bike,13,9.0,46
339.0,9.75,Clear,Low,Afternoon,Bike,22,7.0,50
52.0,15.62,Rainy,Medium,Afternoon,Scooter,23,7.0,78
508.0,16.54,Rainy,Medium,Afternoon,Bike,25,7.0,77
517.0,7.84,Rainy,Low,Morning,Scooter,7,8.0,36
921.0,17.44,,Low,Night,Car,23,0.0,85
782.0,11.08,Windy,High,Afternoon,Bike,16,6.0,70
265.0,17.61,Clear,Medium,Evening,Scooter,21,9.0,79
818.0,8.28,Snowy,Low,Evening,Car,29,7.0,58
711.0,15.32,Clear,Medium,Morning,Bike,17,6.0,80
683.0,3.83,Rainy,Low,Evening,Car,27,3.0,49
833.0,3.25,Rainy,,Evening,Scooter,29,0.0,51
519.0,19.75,Clear,Medium,Morning,Bike,25,1.0,103
448.0,15.19,Foggy,Low,Evening,Scooter,6,4.0,53
19.0,8.92,Windy,,Morning,Bike,25,4.0,62
716.0,18.63,Windy,Low,Afternoon,Bike,11,5.0,85
484.0,12.74,Clear,Low,Night,Scooter,18,0.0,67
569.0,18.13,Rainy,High,Evening,Bike,21,2.0,88
434.0,2.47,Rainy,Low,Afternoon,Car,22,6.0,34
368.0,18.15,Windy,Medium,Morning,Bike,11,2.0,89
84.0,1.74,Foggy,High,Afternoon,Scooter,8,9.0,28
62.0,5.79,Windy,Medium,Morning,Bike,26,6.0,49
639.0,5.75,Windy,High,Morning,Scooter,7,4.0,37
273.0,17.41,Snowy,Medium,Evening,Bike,20,4.0,80
286.0,1.2,Rainy,Low,Morning,Scooter,24,7.0,33
361.0,8.07,Windy,Low,Evening,Bike,21,4.0,48
355.0,1.88,Clear,Medium,Morning,Scooter,24,7.0,35
457.0,0.72,Rainy,Medium,Afternoon,Scooter,9,2.0,23
279.0,14.19,Clear,Medium,Afternoon,Bike,9,1.0,57
13.0,16.73,Windy,High,Afternoon,Scooter,9,7.0,71
183.0,18.53,Rainy,Low,Afternoon,Scooter,8,8.0,57
369.0,4.32,Clear,Low,Morning,Bike,21,9.0,34
882.0,13.6,Foggy,High,Evening,Bike,9,7.0,61
616.0,18.46,Rainy,Low,Morning,Bike,19,9.0,94
224.0,7.67,Windy,Low,Morning,Car,9,2.0,31
573.0,8.23,Snowy,Low,Evening,Bike,17,3.0,56
971.0,13.44,Clear,Low,Night,Bike,29,0.0,63
654.0,15.04,Clear,Low,Morning,Car,24,5.0,60
546.0,7.48,Clear,Medium,Morning,Car,21,4.0,52
583.0,10.11,Rainy,,Afternoon,Scooter,23,2.0,63
634.0,10.88,Snowy,Low,Afternoon,Car,13,3.0,52
177.0,13.97,Snowy,Low,Evening,Scooter,14,8.0,52
666.0,3.48,Foggy,Low,Afternoon,Scooter,9,1.0,31
674.0,10.73,Foggy,Low,Morning,Bike,6,6.0,35
586.0,5.18,Clear,Medium,Afternoon,Car,9,2.0,30
874.0,8.47,Foggy,Medium,Evening,Bike,24,0.0,68
394.0,15.64,Rainy,Low,,Bike,20,4.0,141
164.0,10.95,Snowy,,Afternoon,Bike,9,1.0,65
249.0,19.29,Windy,Medium,Evening,Scooter,7,8.0,84
635.0,2.59,Windy,Medium,,Bike,13,5.0,28
886.0,3.98,Clear,High,Night,Car,19,3.0,41
670.0,6.06,Foggy,Low,Afternoon,Scooter,10,8.0,41
376.0,6.72,Foggy,Low,Evening,Bike,8,5.0,31
413.0,19.04,Clear,Medium,Morning,Scooter,27,2.0,85
75.0,14.28,Windy,High,Afternoon,Scooter,23,5.0,77
114.0,16.26,Rainy,High,Morning,Bike,16,6.0,70
599.0,4.25,Clear,Low,Afternoon,Bike,5,4.0,22
962.0,12.26,Clear,Low,Afternoon,Bike,20,2.0,66
391.0,19.81,Clear,Low,Afternoon,Bike,27,1.0,74
105.0,18.2,Windy,Medium,Morning,Bike,27,1.0,108
115.0,12.85,Rainy,Medium,Morning,Scooter,14,8.0,73
418.0,6.91,Clear,Low,Evening,Bike,27,8.0,91
526.0,9.64,Clear,Low,Morning,Bike,10,5.0,46
458.0,9.64,Rainy,Medium,Evening,Bike,14,6.0,52
410.0,2.28,Foggy,Medium,Morning,Scooter,27,6.0,44
93.0,15.34,Rainy,Low,Afternoon,Bike,18,6.0,54
931.0,3.22,Rainy,Medium,Night,Bike,14,8.0,34
90.0,9.71,Clear,Low,Morning,Bike,8,1.0,49
337.0,17.18,Clear,Medium,Night,Scooter,13,1.0,62
989.0,5.3,Clear,Medium,Afternoon,Scooter,29,3.0,47
922.0,10.0,Clear,Medium,Afternoon,Scooter,6,9.0,47
934.0,10.75,Rainy,Medium,Morning,Bike,8,6.0,60
606.0,9.49,Rainy,Medium,Morning,Car,23,6.0,53
594.0,7.24,Clear,Medium,Afternoon,Bike,28,7.0,57
612.0,16.09,Rainy,Low,Morning,Bike,21,8.0,66
95.0,15.53,Clear,Low,Morning,Bike,26,6.0,83
12.0,19.41,Windy,Low,Morning,Bike,11,8.0,62
397.0,17.24,Clear,Low,Evening,Bike,17,5.0,69
534.0,11.33,,Low,Morning,Bike,25,3.0,60
44.0,18.23,Rainy,Low,Afternoon,Scooter,27,9.0,86
43.0,1.17,Clear,Medium,Morning,Bike,16,9.0,25
330.0,5.33,Clear,Low,Evening,Car,29,1.0,51
168.0,4.14,Rainy,Low,Morning,Bike,23,2.0,41
498.0,2.02,Clear,High,Evening,Bike,28,5.0,44
877.0,14.46,Rainy,Medium,Morning,Scooter,11,9.0,68
598.0,3.86,Clear,Medium,Afternoon,Bike,21,8.0,34
757.0,12.59,Windy,Medium,Morning,Bike,13,9.0,62
101.0,1.11,Clear,High,Morning,Scooter,22,8.0,35
427.0,9.11,Clear,Low,Afternoon,Bike,19,6.0,42
179.0,18.77,Snowy,Medium,Evening,Bike,24,0.0,115
445.0,16.35,Foggy,Medium,Night,Bike,16,6.0,67
417.0,6.22,Clear,Low,Afternoon,Bike,16,9.0,29
871.0,7.78,Foggy,High,Afternoon,Bike,25,3.0,74
883.0,0.88,Rainy,Low,Night,Car,27,2.0,37
681.0,16.43,Clear,Low,Evening,Bike,13,5.0,56
178.0,8.04,Clear,Medium,Evening,Car,27,0.0,65
396.0,18.65,Foggy,Low,Night,Car,19,2.0,68
912.0,5.73,Foggy,Low,Morning,Scooter,7,2.0,30
794.0,12.42,Rainy,Low,Evening,Bike,28,9.0,79
961.0,2.11,Clear,Low,Afternoon,Scooter,28,5.0,34
685.0,18.62,Clear,Low,Evening,Scooter,27,6.0,75
384.0,17.61,Clear,Medium,Morning,Scooter,19,3.0,80
957.0,10.62,Rainy,Medium,Night,Bike,7,2.0,48
752.0,18.83,,Medium,Night,Bike,8,0.0,68
258.0,14.07,Clear,Medium,Morning,Bike,16,9.0,73
539.0,9.29,Clear,Medium,Evening,Bike,10,9.0,40
336.0,1.29,Rainy,Low,Evening,Bike,7,7.0,15
16.0,4.08,Windy,Medium,Afternoon,Bike,7,0.0,33
325.0,19.12,Windy,High,Evening,Car,8,0.0,92
759.0,17.93,Clear,Medium,Afternoon,Bike,29,4.0,85
223.0,2.33,,Low,Morning,Car,6,1.0,17
180.0,3.18,Rainy,Medium,Evening,Bike,21,3.0,42
984.0,1.97,Clear,High,Morning,Car,28,7.0,43
23.0,6.2,Windy,High,Evening,Scooter,7,3.0,42
357.0,1.02,Windy,High,Evening,Bike,6,8.0,21
667.0,5.3,Clear,Low,Evening,Bike,16,5.0,32
862.0,9.34,Rainy,Low,Evening,Car,10,0.0,40
341.0,10.09,Clear,Medium,Evening,Bike,7,0.0,49
432.0,15.35,Rainy,High,Night,Scooter,23,9.0,80
552.0,17.12,Rainy,Low,Morning,Bike,26,3.0,86
834.0,3.94,Snowy,Low,Afternoon,Bike,19,3.0,43
204.0,18.02,Clear,,Evening,Car,12,3.0,77
631.0,14.41,Snowy,Medium,Evening,Bike,8,8.0,75
94.0,11.44,Rainy,Medium,Evening,Car,20,2.0,57
559.0,15.23,Foggy,Low,Morning,Car,6,0.0,52
69.0,1.95,Clear,Low,Morning,Scooter,16,2.0,23
623.0,7.72,Rainy,Medium,Morning,Bike,11,,36
285.0,11.78,Clear,Low,Afternoon,Scooter,26,3.0,71
845.0,3.4,Windy,Medium,Morning,Bike,11,6.0,30
435.0,2.14,Clear,High,Evening,Bike,18,3.0,34
154.0,10.04,Rainy,High,Afternoon,Bike,12,9.0,59
76.0,14.72,Clear,,Evening,Scooter,15,8.0,80
731.0,3.7,Clear,Medium,Morning,Bike,28,7.0,45
447.0,19.73,Rainy,Low,Evening,Bike,8,8.0,64
189.0,10.83,Clear,Medium,Evening,Scooter,8,9.0,51
272.0,16.3,Foggy,Low,Morning,Car,12,1.0,100
237.0,5.98,Foggy,High,Morning,Bike,14,6.0,44
488.0,5.98,Rainy,High,Morning,Bike,21,2.0,60
118.0,4.14,Foggy,Medium,Morning,Bike,21,0.0,46
944.0,16.68,,Medium,Afternoon,Bike,9,9.0,63
513.0,18.69,Windy,Medium,Night,Bike,23,9.0,74
826.0,18.44,Rainy,High,Morning,Bike,27,7.0,80
592.0,13.0,Windy,High,Morning,Bike,22,8.0,65
127.0,16.45,,Medium,Evening,Scooter,25,3.0,87
117.0,16.17,Clear,Medium,Evening,Car,10,2.0,116
474.0,17.88,Clear,Medium,Evening,Bike,29,3.0,98
694.0,5.23,Clear,Medium,Morning,Scooter,19,4.0,37
58.0,4.32,,Medium,Morning,Bike,17,4.0,36
864.0,9.09,Rainy,Medium,Morning,Bike,6,7.0,43
913.0,12.67,Windy,Medium,Morning,Scooter,7,3.0,43
370.0,1.85,Clear,Medium,Evening,Bike,10,1.0,24
269.0,7.51,Rainy,Low,Evening,Car,27,6.0,50
47.0,6.58,Clear,Low,Afternoon,Bike,13,1.0,34
350.0,12.7,Clear,Low,Morning,Scooter,22,2.0,57
196.0,7.31,Foggy,Medium,Afternoon,Bike,26,2.0,65
1000.0,9.2,Clear,High,Morning,Scooter,9,9.0,48
835.0,10.22,Foggy,Low,Afternoon,Scooter,21,0.0,61
737.0,8.15,Clear,High,Evening,Scooter,12,9.0,43
264.0,10.61,Clear,Medium,Morning,Bike,17,0.0,59
444.0,7.73,Clear,High,Night,Bike,29,5.0,58
676.0,19.66,Clear,Low,Morning,Car,19,6.0,70
305.0,14.66,Snowy,High,Morning,Car,5,6.0,71
342.0,9.73,Clear,Low,Afternoon,Bike,29,6.0,60
967.0,14.52,Clear,Medium,Afternoon,Car,26,5.0,86
150.0,5.93,Foggy,High,,Scooter,27,1.0,106
125.0,4.94,Rainy,High,Evening,Scooter,28,4.0,63
787.0,11.88,Rainy,High,Afternoon,Car,29,9.0,78
51.0,19.41,Foggy,Medium,Morning,Car,7,6.0,66
354.0,3.68,,High,Afternoon,Car,16,6.0,47
928.0,11.06,Clear,High,Evening,Bike,6,9.0,53
143.0,10.2,Rainy,Medium,Afternoon,Bike,18,9.0,56
471.0,0.74,Rainy,Low,Morning,Car,13,4.0,21
400.0,15.21,Snowy,Medium,Afternoon,Bike,20,9.0,90
626.0,7.69,Rainy,High,Morning,Scooter,16,3.0,58
321.0,11.21,Clear,High,Afternoon,Scooter,23,1.0,76
20.0,6.18,Clear,Medium,Evening,Bike,9,9.0,35
810.0,2.71,Clear,Medium,Morning,Car,6,5.0,19
791.0,3.49,Clear,Medium,Morning,Bike,17,2.0,38
809.0,9.29,Clear,Medium,Morning,Bike,17,2.0,49
408.0,0.71,Foggy,Low,Night,Bike,29,1.0,41
538.0,5.32,Rainy,Low,Afternoon,Scooter,27,2.0,48
621.0,4.1,Clear,Medium,Evening,Car,18,3.0,38
39.0,13.84,Clear,Low,Morning,Scooter,18,,64
176.0,3.9,Rainy,High,Morning,Car,25,9.0,54
246.0,18.6,Rainy,Medium,Morning,Car,28,9.0,77
829.0,14.88,Snowy,Medium,Evening,Bike,10,0.0,64
668.0,3.63,Windy,Medium,Morning,Car,22,9.0,39
755.0,3.22,Windy,High,Morning,Car,7,7.0,27
859.0,11.51,Foggy,Low,Afternoon,Car,5,7.0,57
155.0,19.72,Rainy,Low,Afternoon,Bike,27,6.0,109
288.0,11.08,Clear,Low,Evening,Scooter,28,2.0,58
603.0,3.95,Clear,Medium,Morning,Car,28,5.0,47
570.0,7.29,Clear,High,Evening,Car,11,7.0,48
744.0,10.3,Clear,Low,Morning,Car,12,7.0,41
18.0,10.73,Rainy,High,Afternoon,Car,27,6.0,83
128.0,17.28,Clear,Low,Morning,Car,28,3.0,72
323.0,13.37,Foggy,Medium,Evening,Scooter,16,9.0,71
256.0,11.36,Clear,Medium,Morning,Scooter,8,2.0,52
658.0,7.58,Clear,High,Afternoon,Scooter,19,9.0,57
965.0,6.13,Rainy,High,,Bike,25,6.0,59
191.0,2.32,Clear,Low,Afternoon,Scooter,23,1.0,32
116.0,17.49,Rainy,Low,Evening,Bike,27,9.0,97
617.0,1.69,Windy,,Afternoon,Car,11,7.0,20
607.0,4.52,,Low,Evening,Car,17,0.0,71
181.0,7.15,Windy,Low,Morning,Bike,15,3.0,42
302.0,10.86,Windy,Medium,,Car,10,4.0,60
760.0,15.88,Rainy,Low,Evening,Car,17,1.0,68
713.0,9.7,Snowy,Low,Evening,Bike,6,,45
724.0,14.95,Clear,Medium,Morning,Bike,13,7.0,49
686.0,11.36,Foggy,Low,Afternoon,Bike,6,4.0,47
980.0,12.14,Foggy,High,Afternoon,Bike,12,0.0,65
518.0,16.31,Foggy,Medium,Afternoon,Car,14,7.0,71
985.0,14.7,Clear,Medium,Evening,Scooter,24,5.0,75
46.0,13.42,Rainy,Medium,Evening,Bike,6,6.0,105
910.0,7.9,Clear,Low,Afternoon,Scooter,22,,48
158.0,15.35,Foggy,Low,Morning,Car,5,3.0,56
852.0,15.12,Foggy,Low,Morning,Bike,14,1.0,58
172.0,0.82,Windy,Low,Morning,Car,18,9.0,23
17.0,6.43,Clear,Low,Evening,Car,9,7.0,26
512.0,8.66,Snowy,High,Morning,Bike,29,3.0,77
49.0,11.16,Foggy,Medium,Afternoon,Car,21,4.0,77
972.0,18.77,Foggy,Low,Afternoon,Car,15,,71
941.0,5.84,Clear,,Evening,Bike,21,7.0,35
516.0,1.01,Clear,High,Night,Bike,17,7.0,29
953.0,3.92,Rainy,Medium,Night,Bike,20,9.0,41
481.0,12.77,Foggy,Low,Morning,Bike,22,8.0,71
284.0,2.33,Clear,Low,Evening,Bike,9,2.0,18
719.0,2.92,Windy,High,Afternoon,Bike,24,4.0,48
878.0,13.35,Rainy,Low,Evening,Scooter,14,4.0,91
226.0,5.26,Rainy,Medium,Evening,Scooter,28,8.0,51
27.0,4.39,Foggy,Medium,Night,Bike,12,8.0,38
955.0,8.67,Windy,High,Morning,Bike,20,4.0,55
438.0,16.53,Snowy,Low,Afternoon,Scooter,24,9.0,99
952.0,13.47,Clear,Medium,Evening,Bike,19,4.0,59
365.0,18.86,Snowy,Medium,Night,Bike,18,1.0,89
230.0,12.81,Clear,Low,Morning,Bike,12,2.0,51
38.0,2.4,Snowy,Low,Night,Scooter,27,5.0,42
966.0,7.44,Rainy,Medium,Evening,Bike,6,1.0,39
375.0,1.89,Clear,Medium,Evening,Scooter,13,7.0,22
470.0,19.28,Snowy,Medium,Morning,Car,21,3.0,101
968.0,6.29,,Medium,Morning,Scooter,10,7.0,27
851.0,1.81,Clear,Medium,Afternoon,Car,23,3.0,34
705.0,1.74,Clear,Medium,Night,Bike,23,2.0,34
842.0,13.44,Clear,Medium,Morning,Car,22,1.0,79
195.0,7.11,Clear,Low,Afternoon,Scooter,27,,48
855.0,4.5,Windy,Low,Evening,Scooter,20,6.0,32
865.0,8.31,Windy,Medium,Morning,Bike,6,5.0,44
504.0,16.37,Clear,High,Morning,Bike,26,7.0,97
970.0,9.78,Clear,Medium,Afternoon,Bike,18,3.0,58
831.0,4.88,Windy,Medium,Afternoon,Scooter,26,7.0,48
580.0,5.54,Rainy,Medium,,Scooter,28,9.0,51
969.0,11.54,Clear,High,Afternoon,Car,10,0.0,56
163.0,12.85,Clear,Low,Afternoon,Scooter,5,,54
909.0,5.56,Clear,Low,Afternoon,Scooter,19,5.0,31
153.0,3.33,,Medium,Evening,Scooter,24,2.0,44
802.0,3.47,Snowy,High,Night,Bike,24,9.0,53
994.0,12.01,Clear,Low,Morning,Scooter,26,6.0,57
756.0,15.98,Foggy,Low,Morning,Car,21,6.0,90
112.0,3.64,Clear,Low,Morning,Scooter,16,3.0,26
227.0,19.47,Clear,Low,Morning,Bike,16,8.0,83
689.0,15.51,Rainy,Medium,Morning,Scooter,10,8.0,81
104.0,10.42,Windy,Medium,Afternoon,Bike,28,3.0,72
422.0,15.9,Rainy,Low,Evening,Car,19,5.0,78
420.0,15.17,Windy,Low,Morning,Bike,25,4.0,77
751.0,2.78,Rainy,Low,,Bike,21,4.0,37
587.0,1.98,Rainy,Low,Afternoon,Bike,22,0.0,39
781.0,14.03,Clear,Low,Afternoon,Bike,17,2.0,65
673.0,2.06,Foggy,Medium,Evening,Scooter,22,4.0,40
120.0,11.02,Clear,High,Morning,Scooter,22,2.0,70
54.0,17.95,Snowy,High,Morning,Scooter,16,,96
152.0,5.17,Foggy,Low,Morning,Bike,29,0.0,56
404.0,16.62,Snowy,Low,Afternoon,Bike,26,8.0,94
946.0,0.71,Rainy,Low,Morning,Car,25,8.0,31
208.0,13.44,Clear,,Evening,Scooter,9,5.0,55
659.0,13.1,Clear,Low,Evening,Bike,28,2.0,72
844.0,19.24,Rainy,High,Afternoon,Bike,9,7.0,75
763.0,5.35,Clear,Medium,Afternoon,Scooter,24,6.0,43
9.0,12.22,Clear,Low,Evening,Scooter,15,0.0,56
808.0,18.55,Clear,Low,Afternoon,Car,11,9.0,69
37.0,6.44,Clear,Low,Afternoon,Car,18,2.0,43
453.0,8.77,Foggy,Medium,Evening,Car,14,7.0,49
652.0,10.97,Clear,Low,Afternoon,Scooter,27,3.0,51
254.0,6.68,Clear,High,Morning,Scooter,10,5.0,44
304.0,12.93,Rainy,Low,Afternoon,Scooter,25,0.0,61
747.0,7.99,Clear,Medium,Evening,Bike,18,4.0,42
572.0,15.78,Clear,High,Afternoon,Scooter,12,1.0,68
624.0,9.95,Windy,High,Evening,Scooter,21,5.0,72
733.0,13.47,Rainy,Low,Afternoon,Scooter,7,6.0,46
892.0,17.19,Clear,Medium,Afternoon,Bike,11,8.0,76
263.0,3.23,Clear,High,Afternoon,Bike,17,9.0,33
611.0,1.27,Foggy,High,Afternoon,Bike,25,9.0,46
298.0,4.71,Clear,Low,Morning,Bike,20,6.0,31
415.0,12.82,Rainy,Medium,Evening,Bike,28,9.0,72
151.0,18.21,,Low,Evening,Bike,6,3.0,74
789.0,9.51,Clear,High,Morning,Bike,26,9.0,63
641.0,0.89,Rainy,Low,Morning,Car,9,0.0,20
890.0,5.24,Windy,High,Afternoon,Scooter,26,8.0,51
551.0,10.64,Windy,Low,Evening,Car,11,9.0,36
887.0,13.23,Clear,Medium,Night,Bike,20,8.0,70
489.0,19.03,Clear,Medium,Morning,Scooter,8,8.0,65
148.0,10.3,Rainy,Low,Evening,Bike,29,0.0,73
147.0,12.39,Snowy,Medium,Evening,Bike,14,8.0,56
721.0,18.8,Clear,High,Afternoon,Bike,23,7.0,95
932.0,16.78,Rainy,Medium,Morning,Bike,22,1.0,70
740.0,7.85,Clear,Low,Afternoon,Scooter,7,9.0,34
660.0,11.63,Clear,Medium,Night,Scooter,29,7.0,57
349.0,7.8,Windy,Medium,Afternoon,Car,17,6.0,44
464.0,11.88,Rainy,Medium,Afternoon,Bike,5,1.0,63
326.0,14.89,Clear,High,Evening,Car,22,9.0,88
187.0,16.44,Rainy,High,Afternoon,Bike,12,,86
124.0,2.65,,Medium,Afternoon,Car,14,4.0,35
854.0,18.01,Foggy,High,Night,Bike,14,2.0,71
609.0,10.32,Clear,Medium,Night,Car,24,5.0,49
144.0,6.37,Rainy,Low,Afternoon,Car,29,4.0,56
959.0,3.74,Rainy,Low,Morning,Bike,19,6.0,36
198.0,17.99,Windy,High,Evening,Bike,5,1.0,73
610.0,13.96,Rainy,Low,Night,Bike,5,1.0,42
280.0,16.02,Clear,Low,Evening,Bike,20,7.0,61
294.0,7.52,,Medium,Afternoon,Car,17,9.0,44
401.0,2.51,Clear,Low,Morning,Bike,16,2.0,28
123.0,6.7,Foggy,High,Morning,Scooter,23,3.0,59
184.0,17.61,Windy,Low,Morning,Bike,5,8.0,61
203.0,3.65,Clear,Medium,Morning,Bike,29,9.0,46
439.0,14.27,Clear,Medium,Night,Car,24,3.0,77
247.0,8.85,Clear,Low,Afternoon,Bike,11,9.0,45
416.0,9.24,Windy,,Afternoon,Bike,8,2.0,49
933.0,19.7,Rainy,Low,Evening,Car,16,6.0,66
766.0,11.61,Clear,High,Morning,Car,19,1.0,67
907.0,16.44,Windy,High,Afternoon,Car,8,0.0,80
836.0,8.67,Rainy,High,Afternoon,Bike,12,7.0,104
888.0,5.14,Clear,Medium,Evening,Scooter,23,7.0,43
130.0,10.46,Clear,,Evening,Bike,25,3.0,68
638.0,5.23,Clear,Medium,Morning,Scooter,23,2.0,47
403.0,10.35,Clear,Medium,Night,Bike,7,9.0,48
785.0,4.04,Rainy,High,Evening,Bike,14,6.0,39
771.0,2.66,Clear,Low,Afternoon,Bike,16,8.0,21
736.0,17.61,Foggy,Medium,Afternoon,Bike,9,5.0,74
914.0,8.48,Clear,High,Night,Bike,11,5.0,39
220.0,17.06,Clear,Low,Evening,Bike,9,9.0,66
642.0,6.78,Foggy,Low,Night,Bike,18,6.0,42
916.0,9.0,Snowy,Medium,Afternoon,Car,29,3.0,78
753.0,12.74,Clear,Low,Afternoon,Scooter,12,0.0,63
807.0,18.72,Rainy,Medium,Afternoon,Bike,17,0.0,89
920.0,3.23,Clear,Low,,Bike,7,7.0,14
625.0,12.56,Clear,Low,Morning,Car,22,8.0,49
875.0,1.0,Snowy,Medium,Morning,Bike,28,0.0,51
761.0,3.46,Clear,Low,Morning,Bike,24,6.0,37
387.0,6.0,Snowy,Low,Morning,Car,20,8.0,53
973.0,14.79,Clear,Medium,Morning,Scooter,12,9.0,64
510.0,14.65,Snowy,High,Morning,Car,19,3.0,95
268.0,14.2,Clear,Medium,Afternoon,Bike,17,1.0,73
820.0,7.04,Clear,Low,Afternoon,Bike,11,8.0,38
442.0,19.74,Clear,,Afternoon,Car,16,1.0,98
497.0,11.88,Rainy,Medium,Evening,Bike,20,8.0,69
113.0,18.63,Clear,Low,Evening,Bike,26,8.0,75
692.0,8.8,Rainy,Medium,Afternoon,Bike,6,2.0,38
233.0,11.75,Clear,High,Morning,Bike,9,2.0,55
870.0,18.95,Snowy,Low,Morning,Car,27,0.0,92
608.0,7.6,Foggy,Low,Morning,Bike,16,4.0,48
672.0,17.99,Foggy,Low,Morning,Car,11,2.0,84
374.0,13.82,Clear,Medium,Evening,Bike,21,9.0,72
982.0,15.53,Foggy,Low,Evening,Bike,26,7.0,68
843.0,3.97,Clear,High,Afternoon,Bike,19,8.0,40
234.0,10.1,Clear,High,Morning,Car,17,6.0,55
786.0,18.21,Foggy,Low,Morning,Bike,5,1.0,70
677.0,2.68,Clear,Low,Morning,Bike,16,8.0,25
318.0,3.88,Snowy,Low,Morning,Bike,9,6.0,33
649.0,15.89,Snowy,Medium,Afternoon,Car,15,9.0,91
411.0,6.73,Clear,Medium,Afternoon,Bike,21,1.0,54
899.0,0.75,Clear,Medium,Afternoon,Bike,10,5.0,16
710.0,13.79,Rainy,Low,Night,Scooter,11,0.0,69
359.0,18.83,Clear,Medium,Evening,Scooter,5,8.0,69
259.0,11.62,Clear,Low,Afternoon,Bike,9,8.0,33
745.0,5.03,Clear,Medium,Morning,Bike,17,,38
628.0,15.08,Rainy,Medium,Evening,Scooter,26,1.0,94
633.0,10.48,Rainy,Low,Afternoon,Car,10,7.0,45
283.0,7.82,Rainy,Medium,Evening,Bike,16,8.0,45
377.0,16.98,Clear,Low,,Bike,11,6.0,78
385.0,14.83,Rainy,Low,Morning,Car,19,4.0,126
225.0,5.67,Clear,Low,Morning,Scooter,11,9.0,27
954.0,18.33,Snowy,Medium,Morning,Scooter,5,5.0,67
815.0,17.46,Clear,Medium,Morning,Scooter,6,,62
473.0,1.34,Foggy,High,Evening,Bike,9,5.0,30
348.0,1.38,Clear,Low,Morning,Scooter,13,9.0,17
506.0,3.67,Clear,Low,,Bike,9,0.0,26
640.0,7.86,Windy,Medium,Morning,Car,22,2.0,55
988.0,8.98,Clear,Medium,Afternoon,Scooter,22,8.0,105
929.0,12.85,Rainy,Medium,Evening,Scooter,6,7.0,61
906.0,17.91,Clear,Low,Afternoon,Bike,6,7.0,68
620.0,15.09,Snowy,Low,Morning,Car,20,7.0,68
856.0,4.22,Clear,Medium,Morning,Bike,16,7.0,35
804.0,12.33,Clear,High,Night,Bike,7,2.0,101
646.0,17.87,Snowy,Low,Morning,Scooter,29,4.0,87
847.0,2.16,Clear,Medium,Night,Car,10,1.0,23
557.0,3.11,Rainy,Medium,Morning,Scooter,21,1.0,43
958.0,1.42,Clear,High,Afternoon,Scooter,24,2.0,40
578.0,18.57,Rainy,Medium,Afternoon,Bike,16,7.0,89
796.0,17.51,Clear,Medium,Evening,Bike,15,3.0,60
86.0,6.84,Clear,Medium,Evening,Bike,25,1.0,51
243.0,18.34,Snowy,Medium,Afternoon,Scooter,22,,91
699.0,3.51,Windy,Medium,Night,Bike,22,2.0,44
160.0,14.7,Clear,Medium,Morning,Scooter,6,2.0,58
525.0,16.85,Clear,High,Morning,Car,17,4.0,71
36.0,16.26,Rainy,Low,Morning,Car,27,5.0,66
541.0,19.1,Snowy,Medium,Morning,Bike,25,6.0,90
171.0,13.71,Rainy,Medium,Evening,Bike,22,9.0,64
655.0,8.92,Clear,Medium,,Bike,10,1.0,51
891.0,14.58,Clear,Low,Evening,Bike,23,0.0,70
858.0,9.71,Clear,Low,Afternoon,Car,27,5.0,61
848.0,19.94,Clear,Low,Afternoon,Bike,26,6.0,83
945.0,4.53,Snowy,Medium,Morning,Scooter,18,4.0,49
734.0,10.7,Clear,High,Afternoon,Car,8,4.0,57
96.0,10.13,Clear,Medium,Evening,Bike,22,0.0,65
564.0,0.78,Clear,Low,Afternoon,Bike,11,0.0,18
241.0,18.84,Foggy,Medium,Afternoon,Scooter,25,8.0,88
743.0,15.08,Snowy,Low,Evening,Bike,29,7.0,84
575.0,17.32,Clear,Low,Evening,Scooter,10,3.0,77
691.0,6.81,Clear,Medium,Evening,Bike,23,2.0,47
461.0,2.79,Clear,High,Morning,Bike,23,7.0,38
554.0,11.44,Foggy,High,Afternoon,Car,14,4.0,74
889.0,2.44,Snowy,High,Evening,Bike,13,9.0,39
207.0,2.48,Rainy,Low,Evening,Scooter,20,8.0,30
393.0,7.75,,Medium,Evening,Scooter,21,1.0,55
795.0,0.85,Clear,Medium,Morning,Bike,9,8.0,17
398.0,8.87,Clear,Low,Evening,Bike,19,3.0,55
767.0,15.37,Snowy,Medium,Afternoon,Car,15,5.0,66
849.0,10.29,Foggy,Medium,Evening,Scooter,25,4.0,67
218.0,15.06,Rainy,Low,Morning,Bike,22,4.0,65
5.0,3.54,Foggy,Low,,Bike,23,7.0,37
769.0,7.17,Clear,Medium,Morning,Scooter,7,9.0,29
643.0,4.62,Rainy,Medium,Afternoon,Car,8,3.0,33
930.0,5.53,Clear,Low,Morning,Car,10,8.0,27
613.0,12.74,Rainy,Low,Afternoon,Bike,17,9.0,63
739.0,9.06,Clear,High,Evening,Bike,26,3.0,61
547.0,2.71,Foggy,Low,Morning,Bike,6,0.0,28
726.0,16.92,Clear,Low,Night,Bike,23,5.0,78
684.0,13.54,Foggy,Low,Morning,Bike,11,1.0,54
99.0,1.0,Snowy,Medium,Morning,Bike,25,4.0,44
805.0,8.77,Clear,Medium,Morning,Car,12,2.0,42
728.0,16.01,Windy,Low,Morning,Car,28,0.0,84
574.0,12.63,Foggy,Medium,Night,Scooter,8,8.0,49
407.0,8.09,Foggy,Low,Evening,Car,22,2.0,56
503.0,6.54,Clear,Medium,Night,Bike,10,7.0,39
48.0,10.64,Clear,Medium,Afternoon,Scooter,14,5.0,45
33.0,1.77,Clear,Medium,Evening,Bike,14,9.0,22
780.0,13.0,Foggy,Low,Evening,Bike,25,7.0,77
840.0,12.83,Clear,Low,Evening,Bike,5,8.0,50
201.0,13.02,Snowy,High,Afternoon,Car,6,9.0,65
135.0,18.89,Rainy,Medium,Morning,Scooter,22,1.0,74
28.0,10.53,Foggy,High,Evening,Bike,25,8.0,72
881.0,5.01,Rainy,Low,Afternoon,Bike,10,5.0,31
231.0,16.0,Foggy,Medium,Afternoon,Scooter,13,3.0,65
490.0,17.86,Clear,Low,Afternoon,Scooter,16,8.0,83
773.0,2.99,Foggy,High,Afternoon,Bike,9,5.0,90
379.0,16.38,Clear,Medium,Morning,Bike,6,2.0,51
289.0,6.09,Clear,Medium,Night,Bike,7,4.0,27
419.0,13.61,Clear,Low,Morning,Bike,26,0.0,66
675.0,8.5,Snowy,High,Evening,Bike,14,7.0,56
392.0,8.55,Clear,Low,Evening,Scooter,28,8.0,46
593.0,4.05,Clear,Medium,Afternoon,Scooter,21,5.0,39
499.0,19.5,Clear,High,Morning,Bike,18,2.0,73
139.0,7.59,Clear,,Afternoon,Scooter,16,3.0,37
63.0,16.66,Snowy,High,Afternoon,Scooter,29,7.0,95
472.0,19.41,Snowy,High,Evening,Car,21,3.0,100
648.0,13.74,Foggy,Medium,Afternoon,Bike,6,1.0,56
129.0,0.64,Clear,High,Night,Bike,10,3.0,24
977.0,12.1,Clear,High,Afternoon,Bike,11,0.0,53
521.0,12.09,Clear,Medium,Morning,Car,13,1.0,60
839.0,11.82,Windy,Medium,Night,Bike,24,7.0,77
963.0,5.28,Foggy,Low,Morning,Bike,27,6.0,53
65.0,5.98,Clear,Low,Evening,Car,22,9.0,35
813.0,2.93,Clear,Medium,Morning,Bike,24,8.0,94
15.0,4.05,Snowy,Medium,Evening,Scooter,19,2.0,50
157.0,13.61,Clear,Low,,Scooter,12,2.0,43
41.0,2.88,Rainy,,Morning,Car,16,4.0,41
493.0,5.91,Clear,Medium,Evening,Scooter,29,4.0,57
380.0,6.0,Rainy,Medium,Evening,Scooter,21,2.0,47
188.0,11.33,Clear,Medium,Afternoon,Scooter,29,7.0,77
764.0,15.01,Clear,Medium,Morning,Bike,15,6.0,64
217.0,6.85,Clear,High,Morning,Bike,16,5.0,48
792.0,11.93,Snowy,High,Morning,Car,7,1.0,75
53.0,18.82,Windy,Low,Morning,Car,5,3.0,77
879.0,1.03,Clear,Medium,Afternoon,Bike,19,4.0,29
338.0,14.22,Rainy,,Evening,Car,25,8.0,84
749.0,18.18,Snowy,High,,Bike,17,3.0,85
720.0,14.75,Clear,Low,Morning,Car,10,7.0,62
725.0,11.7,Rainy,Low,Afternoon,Bike,17,5.0,60
296.0,10.68,Clear,Low,Morning,Bike,14,1.0,42
702.0,1.51,Clear,High,Evening,Bike,26,1.0,44
252.0,8.01,Clear,High,Morning,Bike,8,6.0,48
727.0,3.23,Rainy,Low,Morning,Car,25,7.0,42
462.0,13.16,Rainy,High,Morning,Scooter,25,8.0,68
456.0,10.11,Windy,Low,Morning,Bike,11,4.0,44
997.0,18.39,Windy,Low,Afternoon,Bike,24,6.0,74
816.0,10.62,Windy,Medium,Afternoon,Car,22,5.0,54
863.0,10.73,Clear,,Afternoon,Bike,7,5.0,57
270.0,6.23,Clear,Medium,Evening,Car,20,1.0,51
202.0,2.14,Clear,Low,Afternoon,Bike,25,1.0,36
162.0,12.83,Clear,Medium,Morning,Bike,19,2.0,76
556.0,8.37,Clear,High,Evening,Scooter,13,7.0,42
730.0,3.69,Rainy,Medium,Afternoon,Bike,8,8.0,27
402.0,18.1,Clear,Low,Morning,Scooter,8,5.0,77
703.0,7.06,Clear,Low,Afternoon,Scooter,26,5.0,51
477.0,1.94,Foggy,Low,Night,Bike,10,1.0,25
822.0,0.59,Clear,Low,Afternoon,Bike,21,0.0,27
772.0,17.01,Snowy,Low,Night,Bike,28,6.0,97
106.0,5.36,Clear,Low,Afternoon,Scooter,11,4.0,30
566.0,12.0,Clear,Low,Evening,Car,25,0.0,75
390.0,16.23,Clear,Medium,Evening,Bike,6,0.0,54
2.0,19.04,Rainy,Low,Evening,Car,12,6.0,60
938.0,18.33,Foggy,Medium,Morning,Scooter,19,0.0,98
983.0,2.58,Clear,Medium,Morning,Scooter,25,7.0,37
562.0,4.65,Clear,Medium,Evening,Bike,21,1.0,46
81.0,17.33,Snowy,Low,Evening,Scooter,12,3.0,79
206.0,0.68,Snowy,High,Evening,Bike,29,8.0,50
35.0,19.33,Clear,Medium,Morning,Bike,7,8.0,73
776.0,3.42,Clear,Medium,Night,Car,11,9.0,24
509.0,19.02,Rainy,High,Evening,Scooter,22,1.0,106
428.0,17.81,Windy,High,Evening,Bike,21,4.0,122
455.0,2.67,Clear,Medium,Night,Car,17,6.0,28
367.0,19.24,Snowy,Low,,Bike,26,1.0,114
92.0,14.41,Rainy,,Night,Bike,16,6.0,85
340.0,2.41,,Medium,Evening,Bike,15,9.0,25
898.0,17.98,Clear,Low,Evening,Bike,5,8.0,45
565.0,7.34,Foggy,Medium,Afternoon,Bike,22,5.0,93
346.0,12.51,Clear,Medium,Evening,Bike,18,5.0,62
777.0,4.97,Rainy,Low,Evening,Bike,17,9.0,34
242.0,19.1,Snowy,Low,Afternoon,Bike,18,1.0,101
14.0,4.64,Clear,Low,Afternoon,Bike,15,9.0,24
316.0,14.07,Rainy,Low,Evening,Bike,10,5.0,63
601.0,3.79,Clear,Medium,Morning,Bike,13,2.0,34
388.0,3.96,Clear,Medium,Afternoon,Bike,23,,44
274.0,18.31,Clear,Medium,Afternoon,Bike,25,3.0,79
167.0,6.76,Foggy,Medium,Night,Bike,7,6.0,42
841.0,0.76,Clear,Low,Afternoon,Car,26,9.0,28
993.0,5.81,Rainy,Medium,Evening,Bike,14,8.0,41
647.0,12.08,Clear,High,Afternoon,Scooter,16,4.0,60
819.0,1.57,Rainy,Low,Evening,Car,16,1.0,30
485.0,11.89,Clear,Medium,Afternoon,Bike,28,0.0,79
981.0,7.02,Clear,Medium,Evening,Car,23,2.0,53
505.0,13.85,Clear,Low,Evening,Bike,29,5.0,71
832.0,9.32,Rainy,Medium,Evening,Scooter,24,2.0,71
244.0,7.72,Foggy,High,Evening,Bike,19,4.0,64
567.0,8.15,Rainy,Low,Afternoon,Bike,26,2.0,50
876.0,3.54,Rainy,Medium,Afternoon,Scooter,17,4.0,41
563.0,3.16,Snowy,Low,Morning,Car,9,,27
687.0,11.65,Windy,Low,Night,Bike,10,3.0,53
190.0,5.22,Snowy,Medium,,Scooter,14,3.0,43
783.0,5.41,Clear,High,Morning,Scooter,17,6.0,38
700.0,9.88,Rainy,Medium,Morning,Car,7,0.0,43
476.0,19.86,Rainy,High,Evening,Bike,12,8.0,71
682.0,5.53,Windy,High,Morning,Bike,23,4.0,59
511.0,12.46,Foggy,Low,Afternoon,Bike,10,1.0,62
59.0,1.38,Clear,Medium,Morning,Car,6,3.0,17
475.0,10.79,Clear,Medium,Evening,Scooter,24,1.0,65
561.0,14.23,Clear,Medium,Afternoon,Scooter,23,7.0,70
857.0,1.21,Snowy,Low,Afternoon,Bike,22,1.0,39
748.0,11.1,Clear,Low,Afternoon,Bike,18,7.0,56
253.0,17.1,Clear,Medium,Evening,Bike,25,5.0,65
22.0,3.22,Clear,Medium,Afternoon,Bike,19,9.0,32
314.0,19.27,Foggy,Medium,Morning,Car,29,9.0,85
460.0,2.82,Rainy,Medium,Evening,Scooter,10,1.0,29
161.0,7.67,Foggy,Medium,Afternoon,Scooter,22,8.0,59
277.0,16.07,Clear,Medium,Evening,Bike,16,5.0,64
956.0,7.97,Windy,Medium,Evening,Scooter,9,8.0,35
192.0,18.0,Rainy,High,Night,Car,22,,98
386.0,16.17,Clear,Medium,Evening,Scooter,12,2.0,78
806.0,14.86,,High,Night,Scooter,15,4.0,91
414.0,11.68,Clear,,Afternoon,Scooter,25,7.0,70
492.0,12.59,Clear,Low,Evening,Scooter,10,2.0,39
344.0,8.96,Snowy,,Morning,Car,6,5.0,51
770.0,16.51,Clear,Medium,Morning,Bike,7,1.0,79
309.0,16.01,Clear,Low,Afternoon,Car,12,4.0,72
662.0,19.74,Rainy,High,Afternoon,Scooter,11,7.0,81
131.0,8.64,Snowy,Low,Evening,Bike,29,4.0,62
664.0,5.13,Clear,Medium,Morning,Car,16,1.0,38
872.0,5.78,Clear,High,Morning,Bike,11,5.0,38
100.0,2.6,Clear,Low,Afternoon,Bike,16,1.0,29
373.0,2.34,Foggy,Medium,Morning,Bike,8,2.0,28
88.0,12.93,Clear,Medium,Morning,Scooter,20,8.0,58
459.0,1.6,Clear,Medium,Evening,Bike,14,8.0,24
331.0,7.44,Rainy,Low,Evening,Bike,27,,53
215.0,14.39,Rainy,Medium,Morning,Scooter,6,,50
467.0,6.07,,Low,Afternoon,Bike,18,4.0,35
122.0,17.97,Windy,Medium,Morning,Scooter,28,7.0,92
615.0,17.53,Clear,Low,Afternoon,Bike,14,6.0,79
21.0,12.43,Rainy,High,Morning,Bike,13,6.0,70
701.0,10.89,Windy,Medium,Evening,Bike,7,0.0,58
72.0,4.37,Clear,Medium,Evening,Scooter,6,7.0,25
107.0,8.5,Clear,High,Evening,Car,13,3.0,54
271.0,16.28,Rainy,Low,Morning,Scooter,8,9.0,71
861.0,15.62,Snowy,High,Evening,Scooter,26,2.0,81
436.0,14.17,Clear,Low,Afternoon,Bike,8,0.0,55
103.0,6.63,Foggy,Low,Night,Scooter,24,3.0,58
,7.8,Foggy,Low,Morning,Car,7,4.0,36
,19.04,Rainy,Medium,Morning,Scooter,37,7.0,102
,14.77,Snowy,High,Afternoon,Car,10,8.0,66
,12.17,Rainy,High,Morning,Car,14,10.0,53
,3.54,Clear,High,Morning,Car,9,2.0,31
,3.54,Rainy,High,Night,Scooter,27,9.0,46
,1.63,Rainy,High,Evening,Bike,14,2.0,32
,17.39,Snowy,Medium,Afternoon,Bike,6,2.0,88
,12.22,Rainy,Medium,Night,Scooter,17,5.0,60
,14.31,Snowy,Medium,Morning,Bike,6,0.0,76
,0.9,Clear,Medium,Morning,Car,24,6.0,28
,19.41,Snowy,Low,Afternoon,Bike,5,0.0,68
,16.73,Snowy,Medium,Evening,Car,13,4.0,63
,4.64,Foggy,High,Afternoon,Bike,21,9.0,43
,4.05,Rainy,High,Night,Scooter,13,7.0,37
,4.08,Clear,Medium,Afternoon,Bike,15,3.0,34
,6.43,Snowy,High,Morning,Bike,19,4.0,62
,10.73,Clear,Medium,Night,Bike,28,3.0,72
,8.92,Foggy,High,Morning,Scooter,39,3.0,77
,6.18,Rainy,Low,Evening,Bike,34,7.0,54
,12.43,Snowy,Low,Morning,Scooter,35,1.0,79
,3.22,Rainy,Medium,Morning,Car,9,0.0,30
,6.2,Foggy,Medium,Afternoon,Bike,18,2.0,38
,7.64,Foggy,Medium,Morning,Scooter,15,8.0,41
,9.39,Clear,High,Night,Scooter,13,3.0,45
,15.81,Snowy,Medium,Night,Bike,38,9.0,111
,4.39,Clear,Low,Evening,Car,16,4.0,30
,10.53,Foggy,High,Night,Scooter,39,1.0,77
,12.05,Rainy,Medium,Afternoon,Bike,39,3.0,79
,1.41,Clear,High,Evening,Car,5,1.0,19
,12.35,Clear,High,Night,Scooter,26,1.0,58
,3.83,Rainy,Medium,Afternoon,Scooter,33,3.0,49
,1.77,Clear,High,Night,Car,12,5.0,24
,19.0,Rainy,Low,Night,Car,15,6.0,83
,19.33,Snowy,Low,Morning,Bike,18,9.0,104
,16.26,Rainy,High,Night,Bike,34,2.0,111
,6.44,Snowy,Medium,Night,Scooter,39,2.0,70
,2.4,Rainy,High,Afternoon,Car,25,9.0,39
,13.84,Foggy,Low,Afternoon,Car,9,5.0,63
,9.08,Foggy,High,Morning,Car,23,2.0,66
,2.88,Snowy,High,Night,Scooter,18,1.0,43
,10.16,Snowy,Low,Morning,Car,30,7.0,72
,1.17,Foggy,High,Night,Car,8,4.0,20
,18.23,Snowy,High,Evening,Scooter,29,0.0,111
,5.55,Rainy,Medium,Evening,Bike,29,2.0,60
,13.42,Rainy,Medium,Morning,Bike,22,9.0,57
,6.58,Foggy,Low,Morning,Scooter,12,7.0,36
,10.64,Clear,Low,Morning,Car,18,3.0,54
,11.16,Rainy,Low,Afternoon,Scooter,36,6.0,79
,4.1,Snowy,Medium,Afternoon,Bike,37,9.0,57
,19.41,Clear,Low,Afternoon,Bike,27,1.0,104
,15.62,Clear,Low,Morning,Scooter,19,6.0,50
,18.82,Rainy,Low,Night,Scooter,37,4.0,87
,17.95,Rainy,Medium,Evening,Bike,29,4.0,77
,12.16,Clear,High,Morning,Scooter,21,5.0,75
,18.48,Clear,Low,Afternoon,Bike,37,8.0,104
,2.23,Foggy,High,Afternoon,Scooter,6,5.0,23
,4.32,Snowy,Low,Morning,Scooter,18,7.0,42
,1.38,Foggy,High,Morning,Scooter,10,6.0,20
,6.84,Rainy,Medium,Afternoon,Bike,10,8.0,38
,8.08,Foggy,Medium,Night,Scooter,7,3.0,30
,5.79,Foggy,Low,Afternoon,Bike,11,1.0,28
,16.66,Foggy,High,Afternoon,Bike,12,6.0,64
,7.46,Foggy,Medium,Morning,Scooter,19,5.0,43
,5.98,Snowy,Low,Night,Scooter,33,0.0,56
,11.08,Snowy,Low,Afternoon,Bike,37,10.0,66
,3.25,Clear,Medium,Afternoon,Bike,34,8.0,40
,16.14,Rainy,Medium,Evening,Car,31,8.0,73
,1.95,Foggy,Low,Morning,Bike,33,1.0,39
,19.74,Clear,High,Evening,Car,37,2.0,114
,15.56,Clear,High,Evening,Car,31,4.0,100
,4.37,Clear,High,Afternoon,Car,37,4.0,53
,0.61,Snowy,Low,Morning,Scooter,8,0.0,22
,16.4,Foggy,Medium,Night,Scooter,26,7.0,85
,14.28,Foggy,Low,Afternoon,Bike,6,7.0,47
,14.72,Rainy,Medium,Night,Car,14,3.0,63
,15.54,Foggy,High,Night,Scooter,9,6.0,55
,1.94,Foggy,High,Morning,Scooter,14,10.0,23
,7.49,Clear,Medium,Evening,Scooter,37,9.0,52
,2.76,Rainy,Medium,Morning,Scooter,17,2.0,34
,17.33,Foggy,Low,Night,Scooter,35,5.0,88
,12.65,Snowy,High,Afternoon,Car,28,9.0,69
,6.95,Foggy,Low,Night,Car,19,9.0,33
,1.74,Clear,Low,Afternoon,Car,33,8.0,34
,6.56,Snowy,Low,Afternoon,Car,12,0.0,40
,6.84,Clear,High,Morning,Bike,9,4.0,38
,14.73,Foggy,Low,Night,Car,33,3.0,87
,12.93,Snowy,Low,Evening,Scooter,8,7.0,47
,17.8,Rainy,Low,Night,Car,16,10.0,58
,9.71,Rainy,Low,Night,Bike,6,0.0,46
,2.83,Snowy,Low,Evening,Scooter,31,8.0,43
,14.41,Snowy,Low,Morning,Car,35,5.0,87
,15.34,Clear,High,Night,Car,30,3.0,93
,11.44,Snowy,Low,Night,Car,31,8.0,63
,15.53,Clear,Medium,Afternoon,Scooter,9,10.0,60
,10.13,Foggy,Low,Night,Scooter,24,4.0,52
,10.69,Clear,Low,Evening,Bike,15,4.0,41
,8.84,Snowy,High,Afternoon,Scooter,14,4.0,60
,1.0,Snowy,High,Morning,Scooter,10,0.0,33
,2.6,Foggy,Medium,Afternoon,Car,12,0.0,26
,1.11,Snowy,Medium,Evening,Scooter,27,7.0,39
,12.91,Snowy,High,Evening,Car,30,7.0,83
,6.63,Rainy,High,Afternoon,Car,16,5.0,46
,10.42,Rainy,Low,Morning,Scooter,30,10.0,66
,18.2,Foggy,High,Afternoon,Bike,17,3.0,67
,5.36,Clear,Medium,Morning,Bike,22,1.0,42
,8.5,Rainy,Low,Afternoon,Scooter,29,1.0,57
,15.23,Clear,Medium,Evening,Bike,37,8.0,92
,4.96,Snowy,Low,Night,Car,16,4.0,42
,2.0,Rainy,High,Night,Car,8,3.0,29
,6.15,Foggy,Medium,Morning,Scooter,9,9.0,33
,3.64,Foggy,Low,Morning,Bike,12,0.0,29
,18.63,Foggy,Low,Morning,Bike,32,6.0,81
,16.26,Rainy,High,Evening,Car,35,2.0,97
,12.85,Clear,High,Afternoon,Scooter,13,5.0,68
,17.49,Snowy,High,Evening,Bike,33,4.0,123
,16.17,Clear,Medium,Night,Scooter,18,4.0,82
,4.14,Clear,Low,Morning,Bike,26,10.0,33
,17.9,Snowy,High,Afternoon,Car,15,4.0,77
,11.02,Snowy,Medium,Night,Car,27,0.0,75
,16.25,Rainy,Medium,Night,Scooter,5,0.0,74
,17.97,Rainy,Medium,Night,Car,25,2.0,89
,6.7,Rainy,High,Evening,Bike,30,9.0,59
,2.65,Rainy,High,Morning,Car,27,3.0,48
,4.94,Rainy,Low,Night,Scooter,5,4.0,25
,8.83,Snowy,Low,Morning,Scooter,19,1.0,62
,16.45,Clear,High,Evening,Scooter,25,7.0,75
,17.28,Rainy,Medium,Night,Bike,13,10.0,69
,0.64,Rainy,Medium,Evening,Bike,13,10.0,21
,10.46,Clear,Medium,Evening,Bike,14,1.0,60
,8.64,Rainy,Low,Morning,Bike,30,8.0,51
,4.83,Clear,Medium,Night,Bike,39,1.0,52
,2.84,Clear,Low,Evening,Car,29,8.0,35
,7.08,Snowy,Low,Night,Bike,30,6.0,54
,18.89,Foggy,Medium,Morning,Bike,15,7.0,82
,6.8,Snowy,Medium,Evening,Car,6,10.0,41
,10.62,Foggy,High,Morning,Bike,11,1.0,56
,14.21,Foggy,High,Night,Scooter,22,6.0,74
,7.59,Foggy,Medium,Night,Bike,31,5.0,51
,19.45,Rainy,Low,Morning,Bike,38,3.0,105
,19.27,Snowy,Low,Afternoon,Scooter,31,6.0,89
,5.41,Foggy,Low,Evening,Scooter,21,3.0,38
,10.2,Clear,Low,Night,Scooter,28,1.0,50
,6.37,Rainy,Low,Night,Scooter,29,9.0,48
,6.05,Snowy,High,Evening,Bike,11,6.0,44
,1.22,Foggy,Medium,Morning,Scooter,10,7.0,16
,12.39,Clear,High,Morning,Scooter,28,1.0,65
,10.3,Snowy,Low,Morning,Car,37,4.0,68
,1.5,Snowy,Low,Afternoon,Scooter,33,0.0,46
,5.93,Rainy,Low,Afternoon,Scooter,26,6.0,43
,18.21,Snowy,Low,Night,Car,30,7.0,109
,5.17,Rainy,Medium,Morning,Car,32,5.0,58
,3.33,Foggy,Low,Evening,Bike,25,4.0,34
,10.04,Rainy,Medium,Night,Car,11,5.0,44
,19.72,Clear,Low,Evening,Bike,21,1.0,80
,5.22,Rainy,Medium,Night,Car,24,0.0,52
,13.61,Clear,High,Afternoon,Car,24,6.0,68
,15.35,Rainy,Low,Night,Bike,26,6.0,64
,5.13,Snowy,Medium,Afternoon,Car,32,9.0,56
,14.7,Foggy,High,Night,Bike,11,10.0,76
,7.67,Clear,Low,Morning,Car,5,9.0,33
,12.83,Rainy,Low,Evening,Scooter,36,1.0,68
,12.85,Rainy,Low,Morning,Car,17,1.0,68
,10.95,Rainy,Medium,Night,Bike,34,0.0,70
,2.26,Snowy,Medium,Night,Car,27,9.0,41
,16.79,Snowy,High,Night,Bike,23,7.0,107
,6.76,Clear,Medium,Afternoon,Bike,36,7.0,52
,4.14,Clear,Medium,Evening,Scooter,34,0.0,46
,1.3,Snowy,Low,Evening,Scooter,33,10.0,38
,12.02,Clear,Low,Night,Bike,33,7.0,77
,13.71,Foggy,Low,Night,Car,34,8.0,79
,0.82,Foggy,Low,Afternoon,Bike,20,3.0,22
,10.49,Snowy,Low,Morning,Bike,23,0.0,73
,4.92,Clear,Low,Morning,Car,22,0.0,34
,13.08,Rainy,Low,Evening,Car,5,2.0,53
,3.9,Foggy,High,Afternoon,Car,18,4.0,36
,13.97,Snowy,High,Night,Car,6,4.0,57
,8.04,Clear,High,Evening,Bike,32,8.0,60
,18.77,Snowy,High,Afternoon,Bike,34,9.0,124
,3.18,Rainy,Low,Morning,Scooter,8,1.0,22
,7.15,Foggy,High,Afternoon,Bike,5,1.0,36
,2.71,Snowy,Low,Morning,Car,12,5.0,28
,18.53,Snowy,High,Afternoon,Scooter,33,8.0,91
,17.61,Snowy,Medium,Evening,Car,7,0.0,95
,5.53,Rainy,High,Morning,Bike,36,8.0,60
,13.37,Snowy,High,Evening,Scooter,14,8.0,69
,16.44,Rainy,Low,Evening,Car,14,8.0,77
,11.33,Rainy,High,Morning,Scooter,23,4.0,60
,10.83,Rainy,Medium,Morning,Scooter,38,8.0,72
,5.22,Foggy,Low,Night,Bike,37,10.0,46
,2.32,Foggy,Low,Night,Car,27,3.0,32
,18.0,Snowy,High,Night,Scooter,32,1.0,120
,18.06,Snowy,Low,Evening,Scooter,36,5.0,105
,12.85,Foggy,Low,Evening,Car,11,3.0,50
,7.11,Clear,Low,Night,Scooter,33,5.0,54
,7.31,Foggy,Low,Evening,Scooter,12,2.0,30
,14.66,Rainy,Low,Evening,Scooter,5,5.0,41
,17.99,Foggy,Low,Morning,Car,7,1.0,55
,17.8,Rainy,Medium,Morning,Car,28,1.0,85
,15.71,Snowy,High,Evening,Car,27,8.0,90
,13.02,Clear,Medium,Night,Car,12,6.0,59
,2.14,Snowy,Low,Afternoon,Bike,7,2.0,28
,3.65,Rainy,Low,Night,Scooter,37,10.0,45
,18.02,Rainy,High,Afternoon,Car,32,0.0,100
,12.33,Rainy,Medium,Night,Scooter,12,7.0,45
,0.68,Clear,High,Morning,Scooter,38,5.0,42
,2.48,Foggy,Medium,Evening,Bike,39,6.0,45
,13.44,Snowy,Low,Evening,Car,36,8.0,80
,0.6,Snowy,High,Morning,Car,28,4.0,45
,3.64,Foggy,High,Afternoon,Scooter,18,0.0,35
,11.2,Snowy,Low,Afternoon,Car,36,9.0,63
,13.99,Clear,High,Afternoon,Scooter,20,6.0,66
,13.21,Snowy,Medium,Morning,Scooter,8,4.0,56
,4.87,Rainy,Medium,Afternoon,Bike,25,2.0,44
,14.39,Foggy,Medium,Morning,Bike,18,8.0,73
,5.13,Clear,Medium,Night,Bike,35,0.0,49
,6.85,Foggy,Low,Night,Scooter,22,0.0,44
,15.06,Clear,High,Morning,Car,11,0.0,62
,13.17,Rainy,Medium,Evening,Bike,14,2.0,58
,17.06,Foggy,Low,Night,Car,11,5.0,60
,13.32,Snowy,High,Afternoon,Bike,37,9.0,100
,11.58,Clear,High,Morning,Bike,27,10.0,65
,2.33,Foggy,Low,Afternoon,Scooter,25,2.0,32
,7.67,Snowy,Low,Afternoon,Bike,23,7.0,48
,5.67,Foggy,Medium,Evening,Bike,23,9.0,45
,5.26,Foggy,High,Afternoon,Scooter,33,1.0,51
,19.47,Foggy,High,Evening,Car,22,8.0,95
,8.17,Clear,Low,Night,Bike,6,2.0,36
,17.89,Snowy,High,Morning,Scooter,5,4.0,94
,12.81,Rainy,Medium,Afternoon,Bike,9,9.0,55
,16.0,Clear,High,Morning,Scooter,24,7.0,62
,10.3,Clear,Low,Afternoon,Car,15,1.0,38
,11.75,Clear,Low,Morning,Car,6,5.0,52
,10.1,Rainy,Medium,Afternoon,Scooter,7,4.0,48
,4.31,Snowy,Medium,Afternoon,Scooter,27,9.0,51
,14.59,Snowy,High,Afternoon,Scooter,16,8.0,67
,5.98,Snowy,High,Afternoon,Car,24,4.0,57
,0.97,Foggy,Low,Afternoon,Bike,9,1.0,13
,13.09,Foggy,Medium,Afternoon,Car,34,4.0,88
,3.95,Foggy,Medium,Afternoon,Scooter,13,3.0,31
,18.84,Rainy,Medium,Afternoon,Scooter,38,10.0,112
,19.1,Foggy,High,Afternoon,Car,39,6.0,91
,18.34,Rainy,Medium,Morning,Scooter,26,5.0,91
,7.72,Snowy,Low,Evening,Car,28,1.0,64
,0.8,Foggy,Low,Afternoon,Scooter,21,10.0,18
,18.6,Foggy,High,Evening,Bike,14,10.0,94
,8.85,Clear,High,Afternoon,Bike,34,4.0,76
,19.35,Rainy,Medium,Afternoon,Scooter,27,6.0,105
,19.29,Snowy,High,Morning,Car,36,10.0,117
,17.13,Clear,Low,Night,Bike,21,6.0,66
,6.24,Clear,Medium,Night,Car,21,4.0,40
,8.01,Snowy,Low,Morning,Scooter,18,8.0,56
,17.1,Clear,Medium,Evening,Car,13,3.0,54
,6.68,Rainy,High,Night,Bike,6,10.0,43
,3.81,Rainy,Medium,Morning,Car,29,2.0,49
,11.36,Foggy,Medium,Morning,Car,13,3.0,56
,18.76,Clear,Low,Night,Scooter,26,4.0,98
,14.07,Foggy,Low,Evening,Scooter,8,5.0,45
,11.62,Clear,Medium,Morning,Scooter,30,2.0,63
,2.39,Rainy,High,Afternoon,Bike,33,1.0,49
,12.49,Rainy,High,Evening,Bike,38,3.0,86
,19.81,Rainy,Low,Evening,Scooter,27,4.0,79
,3.23,Clear,High,Night,Scooter,15,3.0,32
,10.61,Rainy,Low,Night,Bike,10,10.0,55
,17.61,Clear,High,Afternoon,Bike,22,2.0,104
,14.94,Foggy,Medium,Morning,Bike,25,7.0,64
,14.09,Clear,Low,Night,Bike,38,9.0,73
,14.2,Foggy,Low,Night,Scooter,21,3.0,75
,7.51,Clear,Medium,Evening,Bike,29,1.0,49
,6.23,Foggy,Low,Night,Scooter,16,1.0,30
,16.28,Rainy,High,Night,Car,27,0.0,79
,16.3,Foggy,High,Night,Car,26,3.0,86
,17.41,Rainy,Low,Night,Bike,25,9.0,69
,18.31,Rainy,High,Evening,Car,31,8.0,114
,10.47,Foggy,Low,Afternoon,Car,35,10.0,59
,10.28,Clear,Medium,Afternoon,Car,10,6.0,46
,16.07,Clear,Low,Morning,Bike,31,9.0,69
,13.17,Snowy,Medium,Night,Bike,38,6.0,89
,14.19,Clear,High,Evening,Car,16,6.0,72
,16.02,Snowy,Medium,Morning,Scooter,11,7.0,80
,17.86,Clear,High,Morning,Car,14,0.0,89
,7.09,Clear,Low,Afternoon,Bike,21,9.0,41
,7.82,Rainy,High,Evening,Bike,30,9.0,70
,2.33,Snowy,Low,Evening,Bike,25,7.0,40
,11.78,Clear,Low,Evening,Car,32,3.0,72
,1.2,Snowy,Medium,Afternoon,Scooter,6,3.0,24
,9.58,Rainy,Medium,Afternoon,Bike,5,3.0,37
,11.08,Rainy,Medium,Afternoon,Bike,30,5.0,65
,6.09,Snowy,Medium,Afternoon,Car,33,6.0,63
,12.02,Rainy,High,Afternoon,Scooter,25,5.0,69
,1.09,Foggy,High,Night,Car,15,0.0,28
,1.23,Foggy,High,Night,Bike,15,7.0,26
,16.54,Rainy,Low,Evening,Scooter,39,9.0,99
,7.52,Foggy,High,Morning,Scooter,38,10.0,67
,2.98,Clear,High,Evening,Bike,28,6.0,41
,10.68,Snowy,High,Morning,Scooter,26,5.0,77
,15.51,Clear,Medium,Afternoon,Scooter,9,5.0,53
,4.71,Snowy,High,Morning,Car,37,4.0,62
,12.65,Rainy,Low,Evening,Bike,24,5.0,59
,2.16,Clear,Medium,Evening,Bike,23,8.0,29
,1.51,Rainy,Low,Morning,Bike,39,9.0,41
,10.86,Rainy,High,Night,Bike,21,8.0,74
,11.04,Snowy,Medium,Afternoon,Bike,38,9.0,72
,12.93,Snowy,Low,Afternoon,Scooter,13,7.0,66
,14.66,Snowy,High,Evening,Car,30,9.0,89
,19.53,Clear,Low,Night,Bike,6,8.0,61
,10.57,Foggy,Low,Morning,Car,13,9.0,44
,6.8,Snowy,Low,Afternoon,Car,13,7.0,40
,16.01,Snowy,High,Night,Scooter,21,7.0,87
,5.78,Clear,High,Afternoon,Bike,5,0.0,35
,9.06,Snowy,Low,Night,Scooter,29,9.0,54
,2.03,Clear,Medium,Night,Bike,29,10.0,32
,0.99,Rainy,Medium,Evening,Scooter,39,4.0,46
,19.27,Snowy,High,Afternoon,Car,7,3.0,104
,16.8,Snowy,High,Morning,Bike,34,1.0,99
,14.07,Rainy,High,Evening,Car,38,7.0,96
,8.47,Rainy,High,Evening,Car,16,2.0,59
,3.88,Rainy,High,Morning,Scooter,23,3.0,49
,3.55,Snowy,Medium,Evening,Bike,21,6.0,47
,5.38,Foggy,High,Night,Car,14,9.0,37
,11.21,Foggy,Low,Night,Scooter,16,8.0,50
,14.43,Foggy,Low,Afternoon,Bike,20,1.0,80
,13.37,Snowy,Medium,Afternoon,Bike,28,2.0,81
,5.96,Rainy,Low,Morning,Car,23,3.0,43
,19.12,Snowy,Medium,Afternoon,Bike,12,9.0,66
,14.89,Rainy,Medium,Night,Car,35,0.0,99
,11.31,Snowy,Low,Morning,Bike,25,6.0,76
,12.43,Snowy,High,Morning,Scooter,21,1.0,66
,8.68,Rainy,Low,Afternoon,Car,27,4.0,58
,5.33,Foggy,Low,Night,Car,20,0.0,37
,7.44,Rainy,Medium,Morning,Bike,10,2.0,39
,15.28,Clear,Low,Night,Bike,12,1.0,80
,0.78,Clear,Medium,Night,Car,29,0.0,34
,2.76,Rainy,High,Night,Bike,22,6.0,39
,1.4,Snowy,High,Afternoon,Scooter,29,4.0,48
,1.29,Clear,High,Evening,Bike,16,0.0,30
,17.18,Clear,Low,Evening,Scooter,19,5.0,53
,14.22,Snowy,Medium,Morning,Scooter,30,4.0,88
,9.75,Snowy,High,Night,Scooter,30,2.0,75
,2.41,Foggy,Medium,Afternoon,Scooter,36,6.0,40
,10.09,Snowy,Medium,Night,Scooter,14,10.0,48
,9.73,Rainy,High,Night,Bike,20,9.0,63
,3.88,Rainy,High,Afternoon,Scooter,11,8.0,32
,8.96,Foggy,Medium,Evening,Bike,21,8.0,60
,8.27,Clear,High,Night,Scooter,27,8.0,60
,12.51,Clear,Medium,Night,Car,30,1.0,84
,12.88,Snowy,Medium,Evening,Scooter,25,2.0,70
,1.38,Rainy,High,Afternoon,Car,26,6.0,41
,7.8,Clear,Low,Morning,Scooter,11,4.0,34
,12.7,Foggy,High,Evening,Scooter,18,1.0,61
,10.31,Foggy,Low,Morning,Scooter,19,2.0,40
,17.2,Rainy,Medium,Morning,Car,11,9.0,56
,13.34,Foggy,Medium,Evening,Car,13,5.0,64
,3.68,Foggy,Low,Night,Scooter,12,6.0,22
,1.88,Rainy,Medium,Morning,Bike,27,8.0,36
,13.03,Snowy,Low,Morning,Scooter,33,0.0,83
,1.02,Snowy,Low,Afternoon,Car,22,10.0,30
,11.92,Foggy,Medium,Night,Scooter,35,6.0,71
,18.83,Snowy,Low,Morning,Car,34,7.0,92
,11.72,Snowy,High,Afternoon,Car,39,2.0,98
,8.07,Foggy,High,Night,Car,22,3.0,59
,13.04,Snowy,Medium,Evening,Scooter,21,9.0,69
,9.44,Foggy,Medium,Evening,Car,18,5.0,47
,11.14,Clear,Low,Afternoon,Car,35,9.0,60
,18.86,Rainy,Low,Evening,Scooter,28,6.0,97
,8.03,Rainy,Low,Morning,Car,39,3.0,62
,19.24,Snowy,Low,Night,Scooter,38,7.0,88
,18.15,Snowy,High,Morning,Car,7,4.0,67
,4.32,Snowy,High,Morning,Bike,30,0.0,60
,1.85,Rainy,Medium,Evening,Bike,27,3.0,40
,2.47,Clear,Low,Morning,Car,19,2.0,28
,0.86,Clear,Low,Evening,Bike,8,8.0,9
,2.34,Rainy,Medium,Night,Scooter,33,7.0,43
,13.82,Clear,Low,Night,Bike,26,0.0,80
,1.89,Rainy,Low,Morning,Car,29,10.0,35
,6.72,Clear,Low,Afternoon,Car,17,5.0,35
,16.98,Foggy,Low,Evening,Scooter,22,8.0,68
,0.95,Foggy,Low,Evening,Car,37,6.0,34
,16.38,Rainy,Medium,Morning,Scooter,20,3.0,91
,6.0,Clear,Low,Evening,Bike,6,0.0,24
,2.8,Snowy,Medium,Evening,Bike,39,1.0,61
,14.09,Clear,Low,Afternoon,Scooter,38,4.0,80
,12.76,Foggy,High,Afternoon,Scooter,34,10.0,74
,17.61,Foggy,High,Morning,Car,17,4.0,62
,14.83,Clear,High,Afternoon,Bike,17,7.0,71
,16.17,Clear,High,Morning,Scooter,22,5.0,73
,6.0,Snowy,Medium,Night,Bike,36,7.0,59
,3.96,Snowy,Medium,Morning,Scooter,36,1.0,60
,15.14,Clear,Low,Night,Bike,39,2.0,100
,16.23,Clear,High,Morning,Car,33,5.0,90
,19.81,Clear,Medium,Evening,Bike,33,9.0,105
,8.55,Clear,Low,Afternoon,Bike,20,2.0,40
,7.75,Rainy,Low,Night,Bike,14,5.0,42
,15.64,Clear,Medium,Morning,Bike,34,5.0,72
,7.15,Snowy,High,Afternoon,Bike,29,1.0,71
,18.65,Foggy,Low,Morning,Car,24,6.0,97
,17.24,Rainy,High,Afternoon,Scooter,9,1.0,81
,8.87,Clear,High,Afternoon,Bike,5,5.0,35
,15.14,Foggy,High,Morning,Car,34,0.0,83
,15.21,Rainy,Low,Night,Bike,7,2.0,66
,2.51,Foggy,High,Night,Bike,18,1.0,34
,18.1,Clear,Low,Evening,Scooter,34,6.0,95
,10.35,Clear,High,Afternoon,Bike,8,3.0,59
,16.62,Snowy,Low,Evening,Car,22,7.0,85
,6.74,Clear,High,Evening,Car,29,5.0,53
,17.96,Clear,Medium,Morning,Scooter,5,9.0,53
,8.09,Rainy,High,Morning,Bike,19,3.0,51
,0.71,Snowy,High,Morning,Car,13,4.0,33
,18.15,Rainy,Low,Afternoon,Bike,19,8.0,77
,2.28,Foggy,Low,Morning,Bike,28,6.0,32
,6.73,Clear,High,Morning,Bike,8,9.0,39
,19.03,Foggy,Medium,Afternoon,Scooter,16,8.0,58
,19.04,Rainy,Medium,Afternoon,Bike,10,6.0,77
,11.68,Clear,Low,Night,Car,28,0.0,56
,12.82,Clear,Medium,Morning,Bike,15,7.0,50
,9.24,Rainy,High,Morning,Car,17,3.0,65
,6.22,Rainy,Low,Morning,Bike,38,2.0,53
,6.91,Rainy,High,Night,Car,29,6.0,58
,13.61,Rainy,Low,Morning,Car,11,2.0,51
,15.17,Rainy,Low,Night,Bike,8,7.0,75
,15.94,Clear,Low,Evening,Bike,12,5.0,66
,15.9,Rainy,Low,Night,Car,24,4.0,68
,2.28,Clear,Medium,Evening,Scooter,33,3.0,40
,10.14,Clear,High,Morning,Bike,14,7.0,59
,1.62,Rainy,High,Evening,Scooter,38,7.0,51
,11.22,Rainy,High,Night,Bike,30,0.0,72
,9.11,Snowy,Low,Afternoon,Bike,7,8.0,54
,17.81,Clear,Medium,Evening,Bike,10,4.0,90
,7.34,Rainy,High,Evening,Bike,9,3.0,54
,2.78,Rainy,Medium,Morning,Scooter,9,5.0,27
,3.29,Rainy,Low,Night,Bike,27,5.0,40
,15.35,Snowy,High,Evening,Car,13,1.0,78
,12.56,Snowy,Medium,Evening,Car,39,7.0,92
,2.47,Foggy,Low,Evening,Scooter,24,6.0,28
,2.14,Clear,Medium,Evening,Bike,39,0.0,48
,14.17,Foggy,High,Afternoon,Car,22,4.0,71
,1.92,Rainy,High,Night,Scooter,21,5.0,38
,16.53,Snowy,Low,Morning,Bike,28,3.0,102
,14.27,Snowy,Low,Morning,Car,7,1.0,54
,2.09,Foggy,Low,Afternoon,Car,36,3.0,40
,2.15,Snowy,Medium,Night,Scooter,39,0.0,56
,19.74,Rainy,Medium,Evening,Bike,17,6.0,104
,7.8,Snowy,Medium,Afternoon,Bike,29,1.0,66
,7.73,Foggy,Low,Night,Car,13,1.0,37
,16.35,Rainy,High,Evening,Car,8,8.0,86
,18.97,Foggy,High,Afternoon,Car,18,4.0,75
,19.73,Snowy,Medium,Night,Bike,38,1.0,128
,15.19,Foggy,Medium,Morning,Scooter,15,10.0,61
,7.84,Foggy,High,Morning,Scooter,7,8.0,38
,2.13,Clear,High,Night,Bike,32,8.0,40
,15.65,Snowy,Medium,Morning,Scooter,33,0.0,94
,11.39,Snowy,Medium,Night,Car,13,10.0,56
,8.77,Foggy,High,Evening,Scooter,7,2.0,35
,18.17,Clear,Low,Night,Scooter,29,3.0,72
,2.67,Snowy,Medium,Evening,Scooter,38,6.0,51
,10.11,Rainy,High,Afternoon,Car,16,9.0,68
,0.72,Foggy,High,Night,Bike,13,3.0,25
,9.64,Snowy,High,Afternoon,Car,19,1.0,65
,1.6,Rainy,High,Morning,Bike,29,6.0,44
,2.82,Snowy,Low,Evening,Bike,9,5.0,28
,2.79,Rainy,High,Night,Bike,15,2.0,39
,13.16,Foggy,Medium,Afternoon,Scooter,38,5.0,84
,15.05,Snowy,Low,Evening,Scooter,28,10.0,90
,11.88,Snowy,High,Evening,Bike,19,5.0,72
,19.26,Clear,Low,Morning,Bike,12,4.0,88
,7.81,Foggy,Medium,Morning,Scooter,9,3.0,34
,6.07,Rainy,High,Evening,Car,30,9.0,62
,17.44,Snowy,Medium,Evening,Bike,22,0.0,75
,4.86,Snowy,High,Night,Car,10,9.0,42
,19.28,Rainy,High,Evening,Scooter,17,5.0,93
,0.74,Foggy,High,Night,Bike,32,1.0,40
,19.41,Clear,High,Evening,Car,9,2.0,64
,1.34,Clear,High,Morning,Car,17,7.0,28
,17.88,Snowy,Low,Night,Car,21,9.0,71
,10.79,Rainy,High,Afternoon,Scooter,36,5.0,79
,19.86,Snowy,High,Morning,Scooter,33,2.0,96
,1.94,Rainy,Low,Night,Car,7,6.0,17
,11.3,Clear,Low,Night,Car,38,3.0,70
,19.4,Foggy,Low,Afternoon,Scooter,31,8.0,80
,10.7,Rainy,Low,Night,Car,17,4.0,47
,12.77,Clear,Low,Evening,Car,37,2.0,65
,14.07,Snowy,Low,Afternoon,Scooter,10,1.0,62
,9.36,Rainy,High,Morning,Car,28,10.0,69
,12.74,Foggy,High,Morning,Car,23,1.0,81
,11.89,Snowy,Medium,Evening,Car,20,2.0,61
,18.07,Snowy,High,Morning,Scooter,32,1.0,98
,1.39,Clear,High,Night,Car,37,3.0,44
,5.98,Rainy,Low,Night,Scooter,17,1.0,35
,19.03,Snowy,Low,Evening,Scooter,29,9.0,96
,17.86,Foggy,High,Morning,Bike,31,8.0,96
,9.39,Rainy,Medium,Morning,Bike,11,1.0,46
,12.59,Foggy,Low,Evening,Car,9,8.0,40
,5.91,Snowy,High,Afternoon,Scooter,35,5.0,60
,4.17,Foggy,High,Morning,Bike,27,0.0,51
,9.54,Clear,Medium,Afternoon,Car,14,3.0,58
,7.39,Foggy,Medium,Morning,Bike,36,0.0,56
,11.88,Rainy,Low,Morning,Bike,34,5.0,66
,2.02,Foggy,Medium,Morning,Scooter,35,3.0,43
,19.5,Foggy,High,Morning,Scooter,22,2.0,104
,19.73,Clear,High,Night,Bike,6,2.0,78
,14.11,Foggy,Medium,Afternoon,Bike,18,8.0,52
,10.95,Foggy,Medium,Afternoon,Scooter,17,5.0,42
,6.54,Snowy,Medium,Morning,Car,33,8.0,63
,16.37,Snowy,Medium,Morning,Scooter,16,4.0,75
,13.85,Rainy,Low,Afternoon,Bike,6,1.0,45
,3.67,Snowy,Medium,Night,Car,36,7.0,56
,18.26,Snowy,Low,Evening,Bike,17,4.0,67
,16.54,Snowy,High,Evening,Car,31,1.0,109
,19.02,Snowy,Medium,Afternoon,Bike,21,3.0,88
,14.65,Clear,Low,Morning,Car,35,8.0,61
,12.46,Snowy,Medium,Morning,Car,38,3.0,89
,8.66,Clear,High,Night,Bike,28,3.0,60
,18.69,Clear,High,Evening,Car,39,1.0,121
,17.39,Snowy,High,Night,Scooter,10,5.0,82
,1.38,Foggy,Medium,Evening,Bike,23,10.0,26
,1.01,Clear,Medium,Afternoon,Scooter,34,1.0,39
,7.84,Foggy,Low,Evening,Bike,11,6.0,32
,16.31,Foggy,High,Night,Car,14,2.0,88
,19.75,Snowy,Medium,Night,Car,36,2.0,103
,3.43,Rainy,High,Night,Car,38,4.0,57
,12.09,Snowy,High,Afternoon,Bike,32,2.0,75
,7.93,Rainy,Low,Evening,Scooter,19,1.0,47
,19.41,Rainy,Low,Evening,Scooter,34,9.0,103
,16.92,Snowy,Low,Night,Bike,33,8.0,104
,16.85,Snowy,Low,Evening,Bike,26,1.0,80
,9.64,Rainy,High,Morning,Scooter,8,10.0,43
,8.59,Snowy,Low,Morning,Scooter,24,1.0,64
,5.83,Rainy,Low,Morning,Scooter,36,7.0,57
,1.6,Foggy,Low,Evening,Scooter,8,8.0,10
,17.36,Snowy,Low,Afternoon,Bike,31,6.0,92
,16.35,Foggy,High,Afternoon,Bike,21,2.0,76
,19.99,Clear,Low,Afternoon,Car,16,8.0,92
,19.93,Foggy,High,Afternoon,Scooter,26,2.0,75
,11.33,Foggy,Medium,Morning,Car,21,4.0,52
,15.5,Rainy,High,Morning,Bike,14,8.0,84
,18.92,Foggy,High,Night,Bike,5,2.0,59
,17.07,Snowy,Low,Evening,Car,26,6.0,86
,5.32,Rainy,Medium,Evening,Scooter,30,0.0,53
,9.29,Clear,Medium,Afternoon,Scooter,22,3.0,49
,3.02,Snowy,Medium,Morning,Scooter,18,3.0,40
,19.1,Clear,Medium,Afternoon,Scooter,33,6.0,90
,12.32,Foggy,High,Night,Car,16,7.0,52
,4.96,Snowy,Medium,Evening,Car,39,0.0,66
,13.6,Snowy,High,Evening,Bike,16,4.0,87
,12.55,Clear,High,Afternoon,Scooter,11,6.0,62
,7.48,Snowy,High,Night,Scooter,33,3.0,65
,2.71,Snowy,Medium,Evening,Scooter,15,3.0,35
,13.6,Snowy,Low,Night,Car,37,3.0,79
,10.65,Foggy,Low,Night,Scooter,10,5.0,39
,15.56,Clear,Medium,Afternoon,Car,19,6.0,67
,10.64,Snowy,Low,Morning,Scooter,36,1.0,79
,17.12,Rainy,Low,Afternoon,Scooter,15,4.0,56
,11.26,Rainy,High,Morning,Bike,27,3.0,63
,11.44,Rainy,High,Night,Scooter,30,2.0,72
,17.59,Rainy,Medium,Morning,Scooter,38,6.0,101
,8.37,Foggy,Medium,Night,Bike,38,10.0,56
,3.11,Snowy,Low,Evening,Car,33,5.0,49
,1.06,Clear,High,Evening,Car,8,6.0,19
,15.23,Snowy,Medium,Evening,Scooter,21,4.0,91
,12.6,Foggy,Medium,Afternoon,Car,39,5.0,87
,14.23,Rainy,Medium,Afternoon,Scooter,17,4.0,62
,4.65,Foggy,Medium,Night,Bike,19,6.0,33
,3.16,Snowy,Medium,Evening,Bike,33,1.0,54
,0.78,Clear,Medium,Afternoon,Scooter,33,10.0,32
,7.34,Foggy,Low,Evening,Bike,15,4.0,41
,12.0,Clear,High,Afternoon,Bike,36,5.0,87
,8.15,Foggy,High,Morning,Scooter,6,5.0,42
,9.03,Clear,Medium,Morning,Scooter,18,4.0,54
,18.13,Clear,High,Evening,Bike,24,9.0,83
,7.29,Rainy,High,Night,Car,26,6.0,53
,10.52,Clear,High,Afternoon,Car,15,9.0,58
,15.78,Rainy,Medium,Afternoon,Scooter,31,7.0,78
,8.23,Snowy,Medium,Morning,Scooter,7,6.0,49
,12.63,Snowy,High,Morning,Car,21,4.0,71
,17.32,Rainy,High,Night,Bike,32,0.0,84
,19.02,Rainy,Medium,Night,Car,33,4.0,117
,3.37,Foggy,Low,Night,Car,25,9.0,28
,18.57,Foggy,High,Evening,Car,20,1.0,106
,10.1,Foggy,Low,Morning,Car,24,4.0,64
,5.54,Snowy,High,Evening,Scooter,10,4.0,48
,9.45,Foggy,Low,Morning,Scooter,23,1.0,54
,19.61,Clear,Low,Morning,Bike,9,4.0,78
,10.11,Clear,Low,Afternoon,Bike,7,3.0,50
,6.91,Foggy,Medium,Morning,Bike,5,0.0,32
,12.85,Clear,Low,Morning,Bike,19,2.0,60
,5.18,Snowy,Low,Evening,Car,38,0.0,63
,1.98,Clear,Low,Morning,Scooter,39,10.0,36
,3.01,Snowy,High,Evening,Scooter,29,4.0,52
,3.0,Rainy,Low,Night,Bike,28,3.0,39
,3.46,Rainy,High,Morning,Bike,16,6.0,39
,3.21,Rainy,Low,Morning,Car,22,4.0,38
,13.0,Rainy,Low,Evening,Car,19,9.0,53
,4.05,Clear,Medium,Night,Bike,20,3.0,40
,7.24,Foggy,High,Afternoon,Scooter,31,1.0,61
,17.99,Clear,Low,Night,Scooter,12,3.0,78
,9.74,Snowy,High,Evening,Scooter,29,1.0,76
,13.52,Clear,High,Night,Bike,21,7.0,79
,3.86,Clear,Medium,Evening,Scooter,33,2.0,42
,4.25,Snowy,Medium,Evening,Car,12,8.0,40
,1.3,Rainy,Medium,Afternoon,Car,19,3.0,30
,3.79,Rainy,Medium,Morning,Bike,31,5.0,52
,5.93,Rainy,Medium,Evening,Car,11,9.0,43
,3.95,Foggy,Medium,Evening,Bike,7,4.0,23
,2.23,Snowy,Medium,Afternoon,Scooter,33,9.0,46
,2.85,Snowy,Medium,Evening,Scooter,28,0.0,51
,9.49,Clear,Low,Morning,Scooter,7,8.0,30
,4.52,Foggy,High,Afternoon,Car,24,0.0,49
,7.6,Rainy,Medium,Morning,Bike,19,7.0,44
,10.32,Foggy,Medium,Morning,Scooter,29,8.0,51
,13.96,Snowy,High,Afternoon,Bike,34,8.0,106
,1.27,Snowy,Low,Evening,Scooter,18,0.0,33
,16.09,Clear,High,Morning,Car,11,1.0,83
,12.74,Clear,High,Morning,Car,21,0.0,65
,2.09,Snowy,Medium,Morning,Bike,24,9.0,41
,17.53,Rainy,High,Morning,Car,13,1.0,86
,18.46,Rainy,High,Afternoon,Car,26,9.0,96
,1.69,Foggy,Medium,Afternoon,Bike,6,7.0,16
,5.9,Snowy,Medium,Night,Scooter,28,4.0,57
,16.22,Snowy,Medium,Night,Car,12,10.0,72
,15.09,Rainy,Medium,Morning,Bike,15,6.0,65
,4.1,Rainy,High,Evening,Car,17,1.0,46
,4.58,Snowy,High,Morning,Car,21,7.0,48
,7.72,Clear,Low,Evening,Car,12,10.0,37
,9.95,Snowy,Low,Morning,Car,25,5.0,58
,12.56,Snowy,High,Night,Bike,22,7.0,81
,7.69,Rainy,Low,Night,Bike,34,0.0,66
,9.52,Rainy,High,Evening,Bike,22,0.0,61
,15.08,Clear,Low,Morning,Car,35,6.0,63
,1.22,Clear,Medium,Evening,Car,36,7.0,37
,5.42,Foggy,Low,Night,Car,15,2.0,34
,14.41,Snowy,Medium,Morning,Bike,29,4.0,98
,17.96,Rainy,Medium,Morning,Car,37,0.0,83
,10.48,Clear,Medium,Evening,Scooter,12,6.0,51
,10.88,Foggy,Medium,Afternoon,Car,15,4.0,49
,2.59,Foggy,Low,Evening,Scooter,26,7.0,29
,9.22,Rainy,High,Night,Car,28,7.0,74
,10.89,Rainy,Medium,Night,Bike,21,8.0,58
,5.23,Foggy,Low,Night,Car,16,6.0,30
,5.75,Clear,Medium,Night,Scooter,36,10.0,44
,7.86,Foggy,Low,Night,Scooter,19,0.0,37
,0.89,Snowy,Low,Afternoon,Car,20,2.0,32
,6.78,Snowy,Low,Morning,Scooter,26,7.0,46
,4.62,Rainy,High,Evening,Scooter,32,2.0,57
,6.89,Clear,Low,Evening,Bike,24,7.0,42
,2.84,Clear,Low,Night,Car,37,0.0,43
,17.87,Snowy,High,Evening,Car,14,4.0,76
,12.08,Foggy,High,Night,Car,36,3.0,73
,13.74,Rainy,Low,Afternoon,Scooter,37,4.0,83
,15.89,Foggy,High,Afternoon,Car,6,7.0,79
,10.22,Foggy,Medium,Morning,Car,37,9.0,56
,2.19,Foggy,Medium,Afternoon,Bike,37,3.0,46
,10.97,Clear,High,Afternoon,Bike,17,10.0,59
,11.94,Snowy,High,Morning,Bike,34,3.0,89
,15.04,Clear,Low,Evening,Scooter,37,2.0,78
,8.92,Snowy,High,Night,Car,17,6.0,53
,2.99,Rainy,Low,Night,Bike,30,2.0,40
,6.03,Rainy,Medium,Evening,Bike,26,2.0,55
,7.58,Foggy,High,Morning,Bike,6,10.0,35
,13.1,Snowy,Low,Evening,Car,30,9.0,87
,11.63,Snowy,Low,Afternoon,Car,19,4.0,62
,7.44,Snowy,Medium,Morning,Car,38,4.0,65
,19.74,Foggy,High,Morning,Scooter,15,5.0,90
,12.31,Foggy,Medium,Morning,Scooter,7,7.0,42
,5.13,Rainy,Low,Night,Bike,10,9.0,30
,2.48,Clear,Low,Evening,Car,13,5.0,21
,3.48,Snowy,High,Morning,Bike,10,0.0,45
,5.3,Snowy,Low,Morning,Car,13,7.0,41
,3.63,Clear,High,Morning,Car,35,7.0,50
,4.14,Snowy,Medium,Evening,Car,36,8.0,58
,6.06,Foggy,High,Night,Scooter,16,8.0,45
,3.88,Foggy,High,Afternoon,Scooter,12,1.0,32
,17.99,Snowy,Low,Night,Car,12,1.0,61
,2.06,Foggy,Low,Morning,Bike,32,2.0,35
,10.73,Foggy,High,Night,Car,24,0.0,59
,8.5,Snowy,Low,Night,Car,11,3.0,51
,19.66,Rainy,Low,Afternoon,Bike,15,3.0,91
,2.68,Clear,Low,Evening,Car,24,8.0,29
,8.26,Foggy,High,Evening,Bike,20,8.0,43
,19.4,Rainy,Low,Night,Scooter,8,8.0,79
,17.38,Foggy,High,Night,Scooter,10,9.0,62
,16.43,Foggy,Low,Evening,Bike,26,6.0,82
,5.53,Clear,Medium,Evening,Scooter,30,1.0,49
,3.83,Foggy,Low,Afternoon,Scooter,7,9.0,16
,13.54,Clear,Low,Morning,Bike,18,4.0,51
,18.62,Clear,High,Night,Scooter,15,3.0,64
,11.36,Clear,High,Evening,Car,22,10.0,69
,11.65,Rainy,Low,Night,Car,16,7.0,66
,5.96,Snowy,Medium,Night,Bike,27,1.0,61
,15.51,Rainy,Low,Evening,Scooter,16,5.0,54
,4.15,Snowy,Low,Afternoon,Car,17,4.0,38
,6.81,Snowy,Medium,Night,Car,29,1.0,66
,8.8,Clear,High,Afternoon,Scooter,23,10.0,57
,10.4,Foggy,Low,Evening,Scooter,12,9.0,33
,5.23,Clear,High,Morning,Car,33,0.0,50
,2.74,Foggy,High,Morning,Car,36,7.0,48
,12.41,Snowy,Medium,Night,Bike,22,1.0,73
,6.13,Clear,Medium,Evening,Bike,10,6.0,30
,11.83,Foggy,High,Afternoon,Car,22,8.0,51
,3.51,Rainy,Low,Night,Bike,23,8.0,36
,9.88,Foggy,High,Evening,Car,26,7.0,68
